ruc,empresa,establecimiento,giro,resolucion,codigo_sala,vigencia,maq,memoria,mesas,direccion,distrito,provincia,departamento,direccion_original,direccion_normalizada,direccion_variantes,latitude,longitude
20545188202,ABSOLUTE GAMES S.A.C.,LUCKIA,REST. 5TT,819 - 2024,211544051,2028-02-20,,,12.0,Av. LA MARINA No. 662 y Calle SANTA CECILIA No. 107 - 119,PUEBLO LIBRE,LIMA,LIMA,Av. LA MARINA No. 662 y Calle SANTA CECILIA No. 107 - 119,"AVENIDA. LA MARINA NO. 662 Y CALLE SANTA CECILIA NO. 107, 119","[""AVENIDA. LA MARINA NO. 662 Y CALLE SANTA CECILIA NO. 107, 119"", ""AVENIDA. LA MARINA NO. 662 Y CALLE SANTA CECILIA NO. 107, 119, PUEBLO LIBRE""]",,
20503108683,ALAMEDA GAMING S.A.C.,EL FARAON II,,002879,120305004,2027-04-16,37.0,63.0,,Av. BENJAMIN FRANKLIN 630 MZ. A2 5 y Av. BENJAMIN FRANKLIN 632 MZ. A2 6,ATE,LIMA,LIMA,Av. BENJAMIN FRANKLIN 630 MZ. A2 5 y Av. BENJAMIN FRANKLIN 632 MZ. A2 6,AVENIDA. BENJAMIN FRANKLIN 630 MZ. A2 5 Y AVENIDA. BENJAMIN FRANKLIN 632 MZ. A2 6,"[""AVENIDA. BENJAMIN FRANKLIN 630 MZ. A2 5 Y AVENIDA. BENJAMIN FRANKLIN 632 MZ. A2 6"", ""AVENIDA. BENJAMIN FRANKLIN 630 MZ. A2 5 Y AVENIDA. BENJAMIN FRANKLIN 632 MZ. A2 6, ATE""]",,
20530811183,ALPAMAYO INVERSIONES S.A.C.,BOLIVAR,,7650 - 2025,120695010,2029-10-14,44.0,73.0,,Av. BOLIVAR No. 1833,PUEBLO LIBRE,LIMA,LIMA,Av. BOLIVAR No. 1833,AVENIDA. BOLIVAR NO. 1833,"[""AVENIDA. BOLIVAR NO. 1833"", ""AVENIDA. BOLIVAR NO. 1833, PUEBLO LIBRE""]",-12.0704018,-77.0776448
20530811183,ALPAMAYO INVERSIONES S.A.C.,CHOSICA 1,,1979,120695009,2026-07-18,51.0,163.0,,Av. 28 DE JULIO No. 289 y Jr. CALLAO No. 178,LURIGANCHO,LIMA,LIMA,Av. 28 DE JULIO No. 289 y Jr. CALLAO No. 178,AVENIDA. 28 DE JULIO NO. 289 Y JIRON. CALLAO NO. 178,"[""AVENIDA. 28 DE JULIO NO. 289 Y JIRON. CALLAO NO. 178"", ""AVENIDA. 28 DE JULIO NO. 289 Y JIRON. CALLAO NO. 178, LURIGANCHO""]",,
20530811183,ALPAMAYO INVERSIONES S.A.C.,COMAS 4,,7649 - 2025,120695002,2029-10-14,59.0,142.0,,Av. TUPAC AMARU No. 6021 - 6027,COMAS,LIMA,LIMA,Av. TUPAC AMARU No. 6021 - 6027,"AVENIDA. TUPAC AMARU NO. 6021, 6027","[""AVENIDA. TUPAC AMARU NO. 6021, 6027"", ""AVENIDA. TUPAC AMARU NO. 6021, 6027, COMAS""]",,
20530811183,ALPAMAYO INVERSIONES S.A.C.,SALA COMAS 1,,2840,120695001,2027-07-07,220.0,424.0,,Av. TUPAC AMARU No. 4809 - 4815 - 4819 - 4821,COMAS,LIMA,LIMA,Av. TUPAC AMARU No. 4809 - 4815 - 4819 - 4821,"AVENIDA. TUPAC AMARU NO. 4809, 4815, 4819, 4821","[""AVENIDA. TUPAC AMARU NO. 4809, 4815, 4819, 4821"", ""AVENIDA. TUPAC AMARU NO. 4809, 4815, 4819, 4821, COMAS""]",,
20530811183,ALPAMAYO INVERSIONES S.A.C.,SALA GAMARRA 1,,997,120695006,,75.0,165.0,,Jr. HIPOLITO UNANUE No. 1675 - 1681,LA VICTORIA,LIMA,LIMA,Jr. HIPOLITO UNANUE No. 1675 - 1681,"JIRON. HIPOLITO UNANUE NO. 1675, 1681","[""JIRON. HIPOLITO UNANUE NO. 1675, 1681"", ""JIRON. HIPOLITO UNANUE NO. 1675, 1681, LA VICTORIA""]",,
20530811183,ALPAMAYO INVERSIONES S.A.C.,SALA SAN JUAN 1,,7893 - 2025,120695015,2029-10-21,99.0,207.0,,Av. LOS HEROES 482-484 No. 484 y Av. LOS HEROES No. 482,SAN JUAN DE MIRAFLORES,LIMA,LIMA,Av. LOS HEROES 482-484 No. 484 y Av. LOS HEROES No. 482,"AVENIDA. LOS HEROES 482, 484 NO. 484 Y AVENIDA. LOS HEROES NO. 482","[""AVENIDA. LOS HEROES 482, 484 NO. 484 Y AVENIDA. LOS HEROES NO. 482"", ""AVENIDA. LOS HEROES 482, 484 NO. 484 Y AVENIDA. LOS HEROES NO. 482, SAN JUAN DE MIRAFLORES""]",,
20530811183,ALPAMAYO INVERSIONES S.A.C.,SALA VILLA 2,,2822,120695007,2027-07-06,253.0,479.0,,Av. JUAN VELASCO ALVARADO 2DO.SECTOR MZ. N Lt. 13,VILLA EL SALVADOR,LIMA,LIMA,Av. JUAN VELASCO ALVARADO 2DO.SECTOR MZ. N Lt. 13,AVENIDA. JUAN VELASCO ALVARADO 2DO.SECTOR MZ. N LT. 13,"[""AVENIDA. JUAN VELASCO ALVARADO 2DO.SECTOR MZ. N LT. 13"", ""AVENIDA. JUAN VELASCO ALVARADO 2DO.SECTOR MZ. N LT. 13, VILLA EL SALVADOR""]",,
20530811183,ALPAMAYO INVERSIONES S.A.C.,SALA ZARATE 1,,3406 - 2026,120695005,2030-05-14,92.0,160.0,,Av. GRAN CHIMU No. 868-A,SAN JUAN DE LURIGANCHO,LIMA,LIMA,Av. GRAN CHIMU No. 868-A,"AVENIDA. GRAN CHIMU NO. 868, A","[""AVENIDA. GRAN CHIMU NO. 868, A"", ""AVENIDA. GRAN CHIMU NO. 868, A, SAN JUAN DE LURIGANCHO""]",,
20530811183,ALPAMAYO INVERSIONES S.A.C.,SAN JUAN 3,,1163,120695024,,54.0,64.0,,LOS HEROES No. 564,SAN JUAN DE MIRAFLORES,LIMA,LIMA,LOS HEROES No. 564,LOS HEROES NO. 564,"[""LOS HEROES NO. 564"", ""LOS HEROES NO. 564, SAN JUAN DE MIRAFLORES""]",-12.1739552,-76.9647544
20530811183,ALPAMAYO INVERSIONES S.A.C.,SAN MARTIN 2,,705,120695019,2027-02-27,39.0,50.0,,PERU No. 1800 - 1804,SAN MARTÍN DE PORRES,LIMA,LIMA,PERU No. 1800 - 1804,"PERU NO. 1800, 1804","[""PERU NO. 1800, 1804"", ""PERU NO. 1800, 1804, SAN MARTÍN DE PORRES""]",,
20611857803,AMARONE S.A.C.,EL GENIO AZUL,REST. 5TT,3300 - 2025,132632004,2030-05-13,105.0,286.0,,Av. LIMA SUR No. 225-A,LURIGANCHO,LIMA,LIMA,Av. LIMA SUR No. 225-A,"AVENIDA. LIMA SUR NO. 225, A","[""AVENIDA. LIMA SUR NO. 225, A"", ""AVENIDA. LIMA SUR NO. 225, A, LURIGANCHO""]",,
20611857803,AMARONE S.A.C.,METROPOLIS,,6893 - 2024,122632001,2029-11-08,78.0,212.0,,Av. LOS HEROES No. 550,SAN JUAN DE MIRAFLORES,LIMA,LIMA,Av. LOS HEROES No. 550,AVENIDA. LOS HEROES NO. 550,"[""AVENIDA. LOS HEROES NO. 550"", ""AVENIDA. LOS HEROES NO. 550, SAN JUAN DE MIRAFLORES""]",-12.1545776,-76.9697662
20611857803,AMARONE S.A.C.,PALACIO DE ORO,REST. 5TT,2842 - 2026,132632005,2031-04-24,68.0,170.0,,Av. SANTA ROSA MANZANA J Lt. 7,SAN MARTÍN DE PORRES,LIMA,LIMA,Av. SANTA ROSA MANZANA J Lt. 7,AVENIDA. SANTA ROSA MANZANA J LT. 7,"[""AVENIDA. SANTA ROSA MANZANA J LT. 7"", ""AVENIDA. SANTA ROSA MANZANA J LT. 7, SAN MARTÍN DE PORRES""]",,
20611857803,AMARONE S.A.C.,TRAGAMONEDAS DUEÑAS,,2623 - 2025,142632003,2030-04-15,128.0,334.0,,Av. PERU No. 1809 - 1817,SAN MARTÍN DE PORRES,LIMA,LIMA,Av. PERU No. 1809 - 1817,"AVENIDA. PERU NO. 1809, 1817","[""AVENIDA. PERU NO. 1809, 1817"", ""AVENIDA. PERU NO. 1809, 1817, SAN MARTÍN DE PORRES""]",,
20611857803,AMARONE S.A.C.,TREBOL SLOT,,4522 - 2026,142632006,2031-06-24,89.0,254.0,,Jr. HUMBOLT No. 1572,LA VICTORIA,LIMA,LIMA,Jr. HUMBOLT No. 1572,JIRON. HUMBOLT NO. 1572,"[""JIRON. HUMBOLT NO. 1572"", ""JIRON. HUMBOLT NO. 1572, LA VICTORIA""]",,
20603709951,AMC GAMING S.A.C.,SALON DE JUEGOS EBONY,,2094 - 2024,142289001,2028-04-29,101.0,435.0,,Calle JOSE OLAYA No. 201,ATE,LIMA,LIMA,Calle JOSE OLAYA No. 201,CALLE JOSE OLAYA NO. 201,"[""CALLE JOSE OLAYA NO. 201"", ""CALLE JOSE OLAYA NO. 201, ATE""]",,
20473452198,ASPEN INTERNATIONAL S.A.C.,CHORRILLOS,,1978,120383003,2027-10-19,52.0,93.0,,Av. DEFENSORES DEL MORRO No. 976,CHORRILLOS,LIMA,LIMA,Av. DEFENSORES DEL MORRO No. 976,AVENIDA. DEFENSORES DEL MORRO NO. 976,"[""AVENIDA. DEFENSORES DEL MORRO NO. 976"", ""AVENIDA. DEFENSORES DEL MORRO NO. 976, CHORRILLOS""]",-12.1767019,-77.0167368
20473452198,ASPEN INTERNATIONAL S.A.C.,HARUMI VI,,1628,140383006,,42.0,70.0,,Av. GERARDO UNGER No. 1685-A,SAN MARTÍN DE PORRES,LIMA,LIMA,Av. GERARDO UNGER No. 1685-A,"AVENIDA. GERARDO UNGER NO. 1685, A","[""AVENIDA. GERARDO UNGER NO. 1685, A"", ""AVENIDA. GERARDO UNGER NO. 1685, A, SAN MARTÍN DE PORRES""]",,
20513478896,AUROM S.A.C.,EL GANADOR 2,,000351,120614001,2027-09-21,96.0,225.0,,Av. GUILLERMO DE LA FUENTE No. 360 - 362,COMAS,LIMA,LIMA,Av. GUILLERMO DE LA FUENTE No. 360 - 362,"AVENIDA. GUILLERMO DE LA FUENTE NO. 360, 362","[""AVENIDA. GUILLERMO DE LA FUENTE NO. 360, 362"", ""AVENIDA. GUILLERMO DE LA FUENTE NO. 360, 362, COMAS""]",-11.9470408,-77.0529679
20606278226,BABILONIA ENTERTAINMENT SAC,TRAGAMONEDAS BABILONIA,REST. 5TT,000360,132408001,,54.0,143.0,,"Av. LAS PALMERAS N° 4941 MZ. A-1, LOTE 8, URB. EL PARQUE DEL NARANJAL II ETAPA No. 4941",LOS OLIVOS,LIMA,LIMA,"Av. LAS PALMERAS N° 4941 MZ. A-1, LOTE 8, URB. EL PARQUE DEL NARANJAL II ETAPA No. 4941","AVENIDA. LAS PALMERAS N 4941 MZ. A, 1, LOTE 8, URB. EL PARQUE DEL NARANJAL II ETAPA NO. 4941","[""AVENIDA. LAS PALMERAS N 4941 MZ. A, 1, LOTE 8, URB. EL PARQUE DEL NARANJAL II ETAPA NO. 4941"", ""AVENIDA. LAS PALMERAS N 4941 MZ. A, 1, LOTE 8, URB. EL PARQUE DEL NARANJAL II ETAPA NO. 4941, LOS OLIVOS""]",,
20601053277,BLADCAST S.A.C.,POKER MOON,,001575,142018001,,58.0,176.0,,Av. SAN JUAN No. 607,SAN JUAN DE MIRAFLORES,LIMA,LIMA,Av. SAN JUAN No. 607,AVENIDA. SAN JUAN NO. 607,"[""AVENIDA. SAN JUAN NO. 607"", ""AVENIDA. SAN JUAN NO. 607, SAN JUAN DE MIRAFLORES""]",-12.1469117,-76.9680293
20606806877,BROOKLINE GAMING S.A.C.,GOLDEN LUCKY,,001864,142438002,2027-07-06,75.0,181.0,,Av. AVIACION No. 200,LA VICTORIA,LIMA,LIMA,Av. AVIACION No. 200,AVENIDA. AVIACION NO. 200,"[""AVENIDA. AVIACION NO. 200"", ""AVENIDA. AVIACION NO. 200, LA VICTORIA""]",-12.082613,-77.0046125
20606806877,BROOKLINE GAMING S.A.C.,LUCKY PALACE,,001369,142438001,2027-05-23,142.0,302.0,,Av. PROLONGACION HUANUCO No. 1553,LA VICTORIA,LIMA,LIMA,Av. PROLONGACION HUANUCO No. 1553,AVENIDA. PROLONGACION HUANUCO NO. 1553,"[""AVENIDA. PROLONGACION HUANUCO NO. 1553"", ""AVENIDA. PROLONGACION HUANUCO NO. 1553, LA VICTORIA""]",,
20606806877,BROOKLINE GAMING S.A.C.,TRAGAMONEDAS LA RICA VICKY,REST. 5TT,001500,132438003,2027-06-03,115.0,288.0,,Av. ANTONIO RAYMONDI No. 235,LA VICTORIA,LIMA,LIMA,Av. ANTONIO RAYMONDI No. 235,AVENIDA. ANTONIO RAYMONDI NO. 235,"[""AVENIDA. ANTONIO RAYMONDI NO. 235"", ""AVENIDA. ANTONIO RAYMONDI NO. 235, LA VICTORIA""]",,
20614679078,CASINOS INDEPENDENCIA S.A.C.,PACHANGA,REST. 5TT,129 - 2026,132653001,2031-01-16,236.0,533.0,,"Av. CARLOS IZAGUIRRE, LOTE 24 Mz. C",INDEPENDENCIA,LIMA,LIMA,"Av. CARLOS IZAGUIRRE, LOTE 24 Mz. C","AVENIDA. CARLOS IZAGUIRRE, LOTE 24 MZ. C","[""AVENIDA. CARLOS IZAGUIRRE, LOTE 24 MZ. C"", ""AVENIDA. CARLOS IZAGUIRRE, LOTE 24 MZ. C, INDEPENDENCIA""]",,
20258385994,CASTILLO DE ORO S.A.,MR. MONEDA,,1680 - 2026,120676003,2030-03-13,105.0,287.0,,Av. ABANCAY No. 1109,LIMA,LIMA,LIMA,Av. ABANCAY No. 1109,AVENIDA. ABANCAY NO. 1109,"[""AVENIDA. ABANCAY NO. 1109"", ""AVENIDA. ABANCAY NO. 1109, LIMA""]",-12.0535733,-77.0298293
20258385994,CASTILLO DE ORO S.A.,SEÑOR BILLETE,,4145,120676004,2027-09-21,55.0,165.0,,Jr. GRAU No. 326,PACHACAMAC,LIMA,LIMA,Jr. GRAU No. 326,JIRON. GRAU NO. 326,"[""JIRON. GRAU NO. 326"", ""JIRON. GRAU NO. 326, PACHACAMAC""]",-12.2301623,-76.8596783
20511841811,CINAKELL GAMING INTERNATIONAL S.A.C.,TRAGAMONEDAS CINAKELL,,3181,120838001,2027-07-26,99.0,466.0,,Calle MARISCAL ORBEGOSO No. 280,BREÑA,LIMA,LIMA,Calle MARISCAL ORBEGOSO No. 280,CALLE MARISCAL ORBEGOSO NO. 280,"[""CALLE MARISCAL ORBEGOSO NO. 280"", ""CALLE MARISCAL ORBEGOSO NO. 280, BREÑA""]",,
20268759515,CONCESIONES Y ENTRETENIMIENTOS MAGDALENA S.A.C.,EPOCA DORADA,,2061 - 2026,120108001,2030-03-31,87.0,201.0,,Jr. AUGUSTO BOLOGNESI No. 262 - 264,MAGDALENA DEL MAR,LIMA,LIMA,Jr. AUGUSTO BOLOGNESI No. 262 - 264,"JIRON. AUGUSTO BOLOGNESI NO. 262, 264","[""JIRON. AUGUSTO BOLOGNESI NO. 262, 264"", ""JIRON. AUGUSTO BOLOGNESI NO. 262, 264, MAGDALENA DEL MAR""]",,
20513537221,COOL GAMES S.A.C.,GRAN VIA,,602,120797001,2027-09-10,91.0,262.0,,Av. GRAU No. 123 - 127 - 129 y Av. PASEO DE LA REPUBLICA No. 293,LIMA,LIMA,LIMA,Av. GRAU No. 123 - 127 - 129 y Av. PASEO DE LA REPUBLICA No. 293,"AVENIDA. GRAU NO. 123, 127, 129 Y AVENIDA. PASEO DE LA REPUBLICA NO. 293","[""AVENIDA. GRAU NO. 123, 127, 129 Y AVENIDA. PASEO DE LA REPUBLICA NO. 293"", ""AVENIDA. GRAU NO. 123, 127, 129 Y AVENIDA. PASEO DE LA REPUBLICA NO. 293, LIMA""]",,
20603232292,CORPORACION ALICHOY S.A.C.,RAMSES,,001694,142455001,2027-06-21,80.0,209.0,,Av. ANGELICA GAMARRA DE LEON VELARDE No. 839,LOS OLIVOS,LIMA,LIMA,Av. ANGELICA GAMARRA DE LEON VELARDE No. 839,AVENIDA. ANGELICA GAMARRA DE LEON VELARDE NO. 839,"[""AVENIDA. ANGELICA GAMARRA DE LEON VELARDE NO. 839"", ""AVENIDA. ANGELICA GAMARRA DE LEON VELARDE NO. 839, LOS OLIVOS""]",,
20611137355,CORPORACION EMPRESARIAL HOLDING S.A.C.,EL POLO SLOTS,,640 - 2025,142633013,2030-01-31,77.0,141.0,,"Av. LA ENCALADA, TIENDA D-105, D-102, S-103 Y S-107 C.C. EL POLO HUNT No. 1415 - 1587",SANTIAGO DE SURCO,LIMA,LIMA,"Av. LA ENCALADA, TIENDA D-105, D-102, S-103 Y S-107 C.C. EL POLO HUNT No. 1415 - 1587","AVENIDA. LA ENCALADA, TIENDA D, 105, D, 102, S, 103 Y S, 107 C.C. EL POLO HUNT NO. 1415, 1587","[""AVENIDA. LA ENCALADA, TIENDA D, 105, D, 102, S, 103 Y S, 107 C.C. EL POLO HUNT NO. 1415, 1587"", ""AVENIDA. LA ENCALADA, TIENDA D, 105, D, 102, S, 103 Y S, 107 C.C. EL POLO HUNT NO. 1415, 1587, SANTIAGO DE SURCO""]",,
20611137355,CORPORACION EMPRESARIAL HOLDING S.A.C.,MAMBOS,REST. 5TT,647 - 2025,132633019,2030-01-31,188.0,421.0,,Av. PROLONGACION BENAVIDES No. 5205,SANTIAGO DE SURCO,LIMA,LIMA,Av. PROLONGACION BENAVIDES No. 5205,AVENIDA. PROLONGACION BENAVIDES NO. 5205,"[""AVENIDA. PROLONGACION BENAVIDES NO. 5205"", ""AVENIDA. PROLONGACION BENAVIDES NO. 5205, SANTIAGO DE SURCO""]",-12.146206,-76.9854689
20611137355,CORPORACION EMPRESARIAL HOLDING S.A.C.,MEGA,,651 - 2025,142633022,2030-01-31,210.0,586.0,,"Av. ALFREDO MENDIOLA MZ. A, LOTES 19 Y 20 Mz. A",INDEPENDENCIA,LIMA,LIMA,"Av. ALFREDO MENDIOLA MZ. A, LOTES 19 Y 20 Mz. A","AVENIDA. ALFREDO MENDIOLA MZ. A, LOTES 19 Y 20 MZ. A","[""AVENIDA. ALFREDO MENDIOLA MZ. A, LOTES 19 Y 20 MZ. A"", ""AVENIDA. ALFREDO MENDIOLA MZ. A, LOTES 19 Y 20 MZ. A, INDEPENDENCIA""]",,
20611137355,CORPORACION EMPRESARIAL HOLDING S.A.C.,MOULIN ROUGE,REST. 5TT,635 - 2025,132633008,2030-01-31,188.0,439.0,,Av. JAVIER PRADO ESTE No. 5235,LA MOLINA,LIMA,LIMA,Av. JAVIER PRADO ESTE No. 5235,AVENIDA. JAVIER PRADO ESTE NO. 5235,"[""AVENIDA. JAVIER PRADO ESTE NO. 5235"", ""AVENIDA. JAVIER PRADO ESTE NO. 5235, LA MOLINA""]",-12.0658067,-76.9426242
20608035274,CORPORACION GAMING S.A.C.,CAMBOYA,,2572 - 2025,142429003,2030-04-09,66.0,138.0,,Av. MANCO CAPAC No. 445 - 471,LA VICTORIA,LIMA,LIMA,Av. MANCO CAPAC No. 445 - 471,"AVENIDA. MANCO CAPAC NO. 445, 471","[""AVENIDA. MANCO CAPAC NO. 445, 471"", ""AVENIDA. MANCO CAPAC NO. 445, 471, LA VICTORIA""]",,
20608035274,CORPORACION GAMING S.A.C.,NILCI,,003672,142429001,2027-11-23,30.0,104.0,,Av. PROLONGACION PARINACOCHAS No. 559 - 563,LA VICTORIA,LIMA,LIMA,Av. PROLONGACION PARINACOCHAS No. 559 - 563,"AVENIDA. PROLONGACION PARINACOCHAS NO. 559, 563","[""AVENIDA. PROLONGACION PARINACOCHAS NO. 559, 563"", ""AVENIDA. PROLONGACION PARINACOCHAS NO. 559, 563, LA VICTORIA""]",,
20608035274,CORPORACION GAMING S.A.C.,SALA PALERMO,,001701,142429002,2027-06-21,59.0,144.0,,Av. PALERMO No. 574 - 576,LA VICTORIA,LIMA,LIMA,Av. PALERMO No. 574 - 576,"AVENIDA. PALERMO NO. 574, 576","[""AVENIDA. PALERMO NO. 574, 576"", ""AVENIDA. PALERMO NO. 574, 576, LA VICTORIA""]",,
20608035274,CORPORACION GAMING S.A.C.,WILLIAMS,,6374 - 2025,142429005,2030-09-08,59.0,157.0,,Av. RIVA AGÜERO SEGUNDO PISO No. 612 - 614,EL AGUSTINO,LIMA,LIMA,Av. RIVA AGÜERO SEGUNDO PISO No. 612 - 614,"AVENIDA. RIVA AGÜERO SEGUNDO PISO NO. 612, 614","[""AVENIDA. RIVA AGÜERO SEGUNDO PISO NO. 612, 614"", ""AVENIDA. RIVA AGÜERO SEGUNDO PISO NO. 612, 614, EL AGUSTINO""]",,
20608035274,CORPORACION GAMING S.A.C.,XIOVIT,,5852 - 2025,142429004,2030-08-20,154.0,370.0,,Av. LOS CHANCAS No. 447,SANTA ANITA,LIMA,LIMA,Av. LOS CHANCAS No. 447,AVENIDA. LOS CHANCAS NO. 447,"[""AVENIDA. LOS CHANCAS NO. 447"", ""AVENIDA. LOS CHANCAS NO. 447, SANTA ANITA""]",-12.0393623,-76.9684221
20611765917,CORPORACION GOLDEN GAMING S.A.C.,EL FARAON,,5084 - 2024,142626001,2029-08-29,126.0,322.0,,Av. PROCERES DE LA INDEPENDENCIA No. 2801 - 2803,SAN JUAN DE LURIGANCHO,LIMA,LIMA,Av. PROCERES DE LA INDEPENDENCIA No. 2801 - 2803,"AVENIDA. PROCERES DE LA INDEPENDENCIA NO. 2801, 2803","[""AVENIDA. PROCERES DE LA INDEPENDENCIA NO. 2801, 2803"", ""AVENIDA. PROCERES DE LA INDEPENDENCIA NO. 2801, 2803, SAN JUAN DE LURIGANCHO""]",,
20604983739,CORPORACION JASPE S.A.C.,CRYSTAL PALACE,REST. 5TT,3785 - 2026,112389002,2030-05-27,94.0,254.0,,Av. GENERAL GARZON No. 1243,JESÚS MARÍA,LIMA,LIMA,Av. GENERAL GARZON No. 1243,AVENIDA. GENERAL GARZON NO. 1243,"[""AVENIDA. GENERAL GARZON NO. 1243"", ""AVENIDA. GENERAL GARZON NO. 1243, JESÚS MARÍA""]",-12.0758732,-77.0525427
20605954911,CORPORACION OLYMPUS S.A.C.,EL ROMANO I I,REST. 5TT,001552,132402006,2029-03-28,60.0,128.0,,GRAN CHIMU No. 626,SAN JUAN DE LURIGANCHO,LIMA,LIMA,GRAN CHIMU No. 626,GRAN CHIMU NO. 626,"[""GRAN CHIMU NO. 626"", ""GRAN CHIMU NO. 626, SAN JUAN DE LURIGANCHO""]",-11.9669595,-77.0097366
20605954911,CORPORACION OLYMPUS S.A.C.,SALA EL ROMANO,,000231-2024,142402003,2029-01-20,126.0,324.0,,Av. UNIVERSITARIA NORTE No. 10799,COMAS,LIMA,LIMA,Av. UNIVERSITARIA NORTE No. 10799,AVENIDA. UNIVERSITARIA NORTE NO. 10799,"[""AVENIDA. UNIVERSITARIA NORTE NO. 10799"", ""AVENIDA. UNIVERSITARIA NORTE NO. 10799, COMAS""]",,
20605954911,CORPORACION OLYMPUS S.A.C.,TEXAS,,004844,142402005,2028-11-09,49.0,125.0,,Av. NICOLAS DE PIEROLA 1473 No. 1473,LIMA,LIMA,LIMA,Av. NICOLAS DE PIEROLA 1473 No. 1473,AVENIDA. NICOLAS DE PIEROLA 1473 NO. 1473,"[""AVENIDA. NICOLAS DE PIEROLA 1473 NO. 1473"", ""AVENIDA. NICOLAS DE PIEROLA 1473 NO. 1473, LIMA""]",-12.055037,-77.0292332
20604363978,CORPORACION SUFFO S.A.C.,TRAGAMONEDAS SALAMANCA,,7306 - 2025,142646001,2030-10-07,104.0,304.0,,Calle LOS AYMARAS No. 150,ATE,LIMA,LIMA,Calle LOS AYMARAS No. 150,CALLE LOS AYMARAS NO. 150,"[""CALLE LOS AYMARAS NO. 150"", ""CALLE LOS AYMARAS NO. 150, ATE""]",-12.0747614,-76.9883065
20265815830,CORPORACION TURISTICA PERUANA S.A.C.,ATLANTIC CITY,REST. 5TT,5362,210019051,2028-01-21,,,34.0,ALFREDO BENAVIDES No. 430,MIRAFLORES,LIMA,LIMA,ALFREDO BENAVIDES No. 430,ALFREDO BENAVIDES NO. 430,"[""ALFREDO BENAVIDES NO. 430"", ""ALFREDO BENAVIDES NO. 430, MIRAFLORES""]",-12.1285652,-77.003187
20515508628,CUATRO TREBOLES S.A.C.,CUATRO TREBOLES,,000177,120857001,2027-07-12,78.0,226.0,,Jr. BERNARDINO ROMERO No. 996-B,SAN JUAN DE MIRAFLORES,LIMA,LIMA,Jr. BERNARDINO ROMERO No. 996-B,"JIRON. BERNARDINO ROMERO NO. 996, B","[""JIRON. BERNARDINO ROMERO NO. 996, B"", ""JIRON. BERNARDINO ROMERO NO. 996, B, SAN JUAN DE MIRAFLORES""]",,
20614547601,DIAMOND SLOTS GROUP SOCIEDAD ANONIMA CERRADA,GIRASOL,,9500 - 2025,142650001,2030-12-15,129.0,572.0,,Av. SAN JUAN No. 1058,SAN JUAN DE MIRAFLORES,LIMA,LIMA,Av. SAN JUAN No. 1058,AVENIDA. SAN JUAN NO. 1058,"[""AVENIDA. SAN JUAN NO. 1058"", ""AVENIDA. SAN JUAN NO. 1058, SAN JUAN DE MIRAFLORES""]",-12.1468621,-76.9678068
20614678934,DREAMS NEW YORK S.A.C.,NEW YORK CASINO,REST. 5TT,9282 - 2025,232649001,2030-12-05,,,18.0,Av. PERSHING No. 610 - 612,MAGDALENA DEL MAR,LIMA,LIMA,Av. PERSHING No. 610 - 612,"AVENIDA. PERSHING NO. 610, 612","[""AVENIDA. PERSHING NO. 610, 612"", ""AVENIDA. PERSHING NO. 610, 612, MAGDALENA DEL MAR""]",,
20614678934,DREAMS NEW YORK S.A.C.,NEW YORK CITY,REST. 5TT,9237 - 2025,132649001,2030-12-03,387.0,913.0,,Av. PERSHING No. 610 - 612,MAGDALENA DEL MAR,LIMA,LIMA,Av. PERSHING No. 610 - 612,"AVENIDA. PERSHING NO. 610, 612","[""AVENIDA. PERSHING NO. 610, 612"", ""AVENIDA. PERSHING NO. 610, 612, MAGDALENA DEL MAR""]",,
20605250077,EBENEZER HERRERA HERNANDEZ Y FAMILIA S.A.C.,PHARAON PALACE,,2342 - 2025,142350001,2029-04-04,60.0,212.0,,Jr. TRUJILLO No. 318,RÍMAC,LIMA,LIMA,Jr. TRUJILLO No. 318,JIRON. TRUJILLO NO. 318,"[""JIRON. TRUJILLO NO. 318"", ""JIRON. TRUJILLO NO. 318, RÍMAC""]",-12.0361568,-77.0284544
20491878585,ECA GAMING S.A.C.,COPACABANA,REST. 5TT,001364-2023,111158001,2027-04-14,128.0,433.0,,Av. JUAN LECAROS No. 137,PUENTE PIEDRA,LIMA,LIMA,Av. JUAN LECAROS No. 137,AVENIDA. JUAN LECAROS NO. 137,"[""AVENIDA. JUAN LECAROS NO. 137"", ""AVENIDA. JUAN LECAROS NO. 137, PUENTE PIEDRA""]",,
20505304188,EDEN PERU S.A.C.,EL DORADO,,001940-2023,120201003,2027-05-13,167.0,441.0,,Av. PROCERES DE LA INDEPENDENCIA No. 1683,SAN JUAN DE LURIGANCHO,LIMA,LIMA,Av. PROCERES DE LA INDEPENDENCIA No. 1683,AVENIDA. PROCERES DE LA INDEPENDENCIA NO. 1683,"[""AVENIDA. PROCERES DE LA INDEPENDENCIA NO. 1683"", ""AVENIDA. PROCERES DE LA INDEPENDENCIA NO. 1683, SAN JUAN DE LURIGANCHO""]",-11.9821001,-77.005708
20546406688,EGASA PERU S.A.C.,CASINO LUCKIA,REST. 5TT,3176,211516051,2027-07-26,,,16.0,"Av. ALFREDO MENDIOLA, INTERIOR A-12 C.C. MEGA PLAZA No. 3698",INDEPENDENCIA,LIMA,LIMA,"Av. ALFREDO MENDIOLA, INTERIOR A-12 C.C. MEGA PLAZA No. 3698","AVENIDA. ALFREDO MENDIOLA, INTERIOR A, 12 C.C. MEGA PLAZA NO. 3698","[""AVENIDA. ALFREDO MENDIOLA, INTERIOR A, 12 C.C. MEGA PLAZA NO. 3698"", ""AVENIDA. ALFREDO MENDIOLA, INTERIOR A, 12 C.C. MEGA PLAZA NO. 3698, INDEPENDENCIA""]",,
20481166391,EL HALCON INVESTMENT S.A.C.,FLAMENCO DE ORO I,,002155-2024,140808002,2029-04-29,100.0,187.0,,Av. FELIPE ARANCIBIA No. 719 - 721 - 725,RÍMAC,LIMA,LIMA,Av. FELIPE ARANCIBIA No. 719 - 721 - 725,"AVENIDA. FELIPE ARANCIBIA NO. 719, 721, 725","[""AVENIDA. FELIPE ARANCIBIA NO. 719, 721, 725"", ""AVENIDA. FELIPE ARANCIBIA NO. 719, 721, 725, RÍMAC""]",,
20509115941,ELECTRONIC COMPANY S.A.C.,MIKUNA PERU TRAGAMONEDAS,REST. 5TT,126 - 2024,110409005,2028-01-15,78.0,216.0,,Av. HUANCARAY S/N MZ. E Lt. 12 - 13,SANTA ANITA,LIMA,LIMA,Av. HUANCARAY S/N MZ. E Lt. 12 - 13,"AVENIDA. HUANCARAY S/N MZ. E LT. 12, 13","[""AVENIDA. HUANCARAY S/N MZ. E LT. 12, 13"", ""AVENIDA. HUANCARAY S/N MZ. E LT. 12, 13, SANTA ANITA""]",,
20498972943,ELECTROTEC GAMING & SERVICE S.A.C.,VILLA SLOT,,3642,120749001,2027-08-24,65.0,104.0,,Av. VILLA MARIA No. 572 - 576,VILLA MARÍA DEL TRIUNFO,LIMA,LIMA,Av. VILLA MARIA No. 572 - 576,"AVENIDA. VILLA MARIA NO. 572, 576","[""AVENIDA. VILLA MARIA NO. 572, 576"", ""AVENIDA. VILLA MARIA NO. 572, 576, VILLA MARÍA DEL TRIUNFO""]",-12.1549262,-76.9335324
20531542470,EMPRESA PICOTA SLOT S.A.C.,MARAÑON,,003055-2023,120465004,2027-07-18,65.0,137.0,,Av. RIO MARAÑON No. 609,LOS OLIVOS,LIMA,LIMA,Av. RIO MARAÑON No. 609,AVENIDA. RIO MARAÑON NO. 609,"[""AVENIDA. RIO MARAÑON NO. 609"", ""AVENIDA. RIO MARAÑON NO. 609, LOS OLIVOS""]",-11.9717881,-77.0697571
20565361598,ENTRETENIMIENTOS GISHI S.A.C.,WINNERS SAN JUAN,,1937 - 2025,141841001,2029-03-20,108.0,290.0,,Av. PROCERES DE LA INDEPENDENCIA No. 1712 - 1714,SAN JUAN DE LURIGANCHO,LIMA,LIMA,Av. PROCERES DE LA INDEPENDENCIA No. 1712 - 1714,"AVENIDA. PROCERES DE LA INDEPENDENCIA NO. 1712, 1714","[""AVENIDA. PROCERES DE LA INDEPENDENCIA NO. 1712, 1714"", ""AVENIDA. PROCERES DE LA INDEPENDENCIA NO. 1712, 1714, SAN JUAN DE LURIGANCHO""]",,
20510550553,EPIC ENTERTAINMENT PERU S.A.C.,JIRON DE LA UNION,,001142,120726001,2026-12-20,95.0,457.0,,Jr. DE LA UNION No. 846,LIMA,LIMA,LIMA,Jr. DE LA UNION No. 846,JIRON. DE LA UNION NO. 846,"[""JIRON. DE LA UNION NO. 846"", ""JIRON. DE LA UNION NO. 846, LIMA""]",-12.0539567,-77.0361916
20510550553,EPIC ENTERTAINMENT PERU S.A.C.,SAN LUIS,,4321 - 2026,120726003,2030-06-16,89.0,450.0,,Av. SAN LUIS No. 2007,SAN BORJA,LIMA,LIMA,Av. SAN LUIS No. 2007,AVENIDA. SAN LUIS NO. 2007,"[""AVENIDA. SAN LUIS NO. 2007"", ""AVENIDA. SAN LUIS NO. 2007, SAN BORJA""]",-12.0885847,-76.9963144
20302871427,FLAMINGO GAMES S.A.C.,RIO,,001439,120028004,2027-04-17,56.0,182.0,,Av. BRASIL No. 3798,MAGDALENA DEL MAR,LIMA,LIMA,Av. BRASIL No. 3798,AVENIDA. BRASIL NO. 3798,"[""AVENIDA. BRASIL NO. 3798"", ""AVENIDA. BRASIL NO. 3798, MAGDALENA DEL MAR""]",-12.0968062,-77.0718446
20511208255,FOODTUR S.A.C.,KARIBE,,1878,120859001,,135.0,276.0,,Av. JUAN LECAROS No. 179,PUENTE PIEDRA,LIMA,LIMA,Av. JUAN LECAROS No. 179,AVENIDA. JUAN LECAROS NO. 179,"[""AVENIDA. JUAN LECAROS NO. 179"", ""AVENIDA. JUAN LECAROS NO. 179, PUENTE PIEDRA""]",,
20601074347,FOUR WINNERS S.A.C.,SAN MARTIN,REST. 5TT,174,112062003,2028-01-18,60.0,132.0,,Av. PROCERES DE LA INDEPENDENCIA No. 3407 Mz. B-1,SAN JUAN DE LURIGANCHO,LIMA,LIMA,Av. PROCERES DE LA INDEPENDENCIA No. 3407 Mz. B-1,"AVENIDA. PROCERES DE LA INDEPENDENCIA NO. 3407 MZ. B, 1","[""AVENIDA. PROCERES DE LA INDEPENDENCIA NO. 3407 MZ. B, 1"", ""AVENIDA. PROCERES DE LA INDEPENDENCIA NO. 3407 MZ. B, 1, SAN JUAN DE LURIGANCHO""]",,
20555356804,GALU GAMING PERU S.A.C.,TESORO INCA SLOT,,832 - 2025,141763001,2029-02-10,147.0,316.0,,Av. ALCAZAR No. 848,RÍMAC,LIMA,LIMA,Av. ALCAZAR No. 848,AVENIDA. ALCAZAR NO. 848,"[""AVENIDA. ALCAZAR NO. 848"", ""AVENIDA. ALCAZAR NO. 848, RÍMAC""]",-12.0318907,-77.0277039
20530926592,GAME M & A S.A.C.,CLUB GAME 777,,004513,120624001,2027-10-17,61.0,224.0,,"Otro PROYECTO INTEGRAL CHAVARRIA ZONA II, MZ.A Lt. 5",LOS OLIVOS,LIMA,LIMA,"Otro PROYECTO INTEGRAL CHAVARRIA ZONA II, MZ.A Lt. 5","PROYECTO INTEGRAL CHAVARRIA ZONA II, MZA LT. 5","[""PROYECTO INTEGRAL CHAVARRIA ZONA II, MZA LT. 5"", ""PROYECTO INTEGRAL CHAVARRIA ZONA II, MZA LT. 5, LOS OLIVOS""]",,
20566569010,GAMECO PERU S.A.C.,LUCKY DRAGON,REST. 5TT,005701,111886002,2027-12-30,79.0,309.0,,Av. LA MARINA No. 1668,PUEBLO LIBRE,LIMA,LIMA,Av. LA MARINA No. 1668,AVENIDA. LA MARINA NO. 1668,"[""AVENIDA. LA MARINA NO. 1668"", ""AVENIDA. LA MARINA NO. 1668, PUEBLO LIBRE""]",-12.0841042,-77.0647344
20305556786,GAMING AND SERVICES S.A.C.,AVIACION,,4874 - 2025,120032017,2029-07-11,83.0,223.0,,Av. AVIACION No. 3315 - 3317,SAN BORJA,LIMA,LIMA,Av. AVIACION No. 3315 - 3317,"AVENIDA. AVIACION NO. 3315, 3317","[""AVENIDA. AVIACION NO. 3315, 3317"", ""AVENIDA. AVIACION NO. 3315, 3317, SAN BORJA""]",,
20305556786,GAMING AND SERVICES S.A.C.,BARRANCO,,1527 - 2026,120032018,2030-03-06,133.0,312.0,,Av. GRAU No. 254,BARRANCO,LIMA,LIMA,Av. GRAU No. 254,AVENIDA. GRAU NO. 254,"[""AVENIDA. GRAU NO. 254"", ""AVENIDA. GRAU NO. 254, BARRANCO""]",-12.1513392,-77.0201029
20305556786,GAMING AND SERVICES S.A.C.,CARRERA,HOTEL ****,3861 - 2025,110032009,2029-06-04,203.0,360.0,,Av. ARENALES 1814-A No. 1814,LINCE,LIMA,LIMA,Av. ARENALES 1814-A No. 1814,"AVENIDA. ARENALES 1814, A NO. 1814","[""AVENIDA. ARENALES 1814, A NO. 1814"", ""AVENIDA. ARENALES 1814, A NO. 1814, LINCE""]",,
20305556786,GAMING AND SERVICES S.A.C.,CHORRILLOS,,4317 - 2025,120032019,2029-06-13,255.0,546.0,,Av. GUARDIA CIVIL No. 163,CHORRILLOS,LIMA,LIMA,Av. GUARDIA CIVIL No. 163,AVENIDA. GUARDIA CIVIL NO. 163,"[""AVENIDA. GUARDIA CIVIL NO. 163"", ""AVENIDA. GUARDIA CIVIL NO. 163, CHORRILLOS""]",-12.1801776,-76.9980411
20305556786,GAMING AND SERVICES S.A.C.,CRAZY CASINO,REST. 5TT,2149,210032053,2028-05-26,,,7.0,Av. Aviación No. 3424-3430,SAN BORJA,LIMA,LIMA,Av. Aviación No. 3424-3430,"AVENIDA. AVIACIÓN NO. 3424, 3430","[""AVENIDA. AVIACIÓN NO. 3424, 3430"", ""AVENIDA. AVIACIÓN NO. 3424, 3430, SAN BORJA""]",,
20305556786,GAMING AND SERVICES S.A.C.,FANTASTIC,HOTEL *****,1614,110032007,2026-10-25,154.0,287.0,,Av. MALECON DE LA RESERVA No. 615,MIRAFLORES,LIMA,LIMA,Av. MALECON DE LA RESERVA No. 615,AVENIDA. MALECON DE LA RESERVA NO. 615,"[""AVENIDA. MALECON DE LA RESERVA NO. 615"", ""AVENIDA. MALECON DE LA RESERVA NO. 615, MIRAFLORES""]",,
20305556786,GAMING AND SERVICES S.A.C.,FANTASTIC CASINO,HOTEL *****,3066,210032051,2027-01-19,,,18.0,Av. MALECON DE LA RESERVA No. 615,MIRAFLORES,LIMA,LIMA,Av. MALECON DE LA RESERVA No. 615,AVENIDA. MALECON DE LA RESERVA NO. 615,"[""AVENIDA. MALECON DE LA RESERVA NO. 615"", ""AVENIDA. MALECON DE LA RESERVA NO. 615, MIRAFLORES""]",,
20305556786,GAMING AND SERVICES S.A.C.,JOKERS,HOTEL *****,1598,110032006,,120.0,241.0,,Av. JOSE PARDO No. 422 - 422,MIRAFLORES,LIMA,LIMA,Av. JOSE PARDO No. 422 - 422,"AVENIDA. JOSE PARDO NO. 422, 422","[""AVENIDA. JOSE PARDO NO. 422, 422"", ""AVENIDA. JOSE PARDO NO. 422, 422, MIRAFLORES""]",,
20305556786,GAMING AND SERVICES S.A.C.,LIBERTY BENAVIDES,,4042 - 2025,120032021,2029-06-05,95.0,229.0,,Av. BENAVIDES No. 2199-A,MIRAFLORES,LIMA,LIMA,Av. BENAVIDES No. 2199-A,"AVENIDA. BENAVIDES NO. 2199, A","[""AVENIDA. BENAVIDES NO. 2199, A"", ""AVENIDA. BENAVIDES NO. 2199, A, MIRAFLORES""]",,
20305556786,GAMING AND SERVICES S.A.C.,MANCO CAPAC,,4318 - 2025,120032022,2029-06-17,77.0,280.0,,Av. MANCO CAPAC No. 582 - 584 - 586,LA VICTORIA,LIMA,LIMA,Av. MANCO CAPAC No. 582 - 584 - 586,"AVENIDA. MANCO CAPAC NO. 582, 584, 586","[""AVENIDA. MANCO CAPAC NO. 582, 584, 586"", ""AVENIDA. MANCO CAPAC NO. 582, 584, 586, LA VICTORIA""]",,
20305556786,GAMING AND SERVICES S.A.C.,MIAMI,REST. 5TT,2917,110032008,2027-07-11,153.0,384.0,,Av. LA MARINA No. 1725 - 1729,SAN MIGUEL,LIMA,LIMA,Av. LA MARINA No. 1725 - 1729,"AVENIDA. LA MARINA NO. 1725, 1729","[""AVENIDA. LA MARINA NO. 1725, 1729"", ""AVENIDA. LA MARINA NO. 1725, 1729, SAN MIGUEL""]",-12.0729123,-77.1031775
20305556786,GAMING AND SERVICES S.A.C.,MIAMI CASINO,REST. 5TT,3643,210032052,2027-08-24,,,11.0,Av. LA MARINA No. 1725 - 1729,SAN MIGUEL,LIMA,LIMA,Av. LA MARINA No. 1725 - 1729,"AVENIDA. LA MARINA NO. 1725, 1729","[""AVENIDA. LA MARINA NO. 1725, 1729"", ""AVENIDA. LA MARINA NO. 1725, 1729, SAN MIGUEL""]",-12.0729123,-77.1031775
20305556786,GAMING AND SERVICES S.A.C.,MORELLI,,5738 - 2025,120032023,2029-08-13,127.0,371.0,,Av. JAVIER PRADO No. 2100 - 2120 - 2140,SAN BORJA,LIMA,LIMA,Av. JAVIER PRADO No. 2100 - 2120 - 2140,"AVENIDA. JAVIER PRADO NO. 2100, 2120, 2140","[""AVENIDA. JAVIER PRADO NO. 2100, 2120, 2140"", ""AVENIDA. JAVIER PRADO NO. 2100, 2120, 2140, SAN BORJA""]",,
20305556786,GAMING AND SERVICES S.A.C.,SALA CRAZY LIBERTY,,003407 - 2017,140032025,2026-11-04,173.0,403.0,,Av. AVIACION No. 3424 - 3430,SAN BORJA,LIMA,LIMA,Av. AVIACION No. 3424 - 3430,"AVENIDA. AVIACION NO. 3424, 3430","[""AVENIDA. AVIACION NO. 3424, 3430"", ""AVENIDA. AVIACION NO. 3424, 3430, SAN BORJA""]",,
20563013487,GAMING OKANE S.A.C.,MYTHIC ALFONSO UGARTE,,004516,141814001,2027-10-17,160.0,280.0,,Av. ALFONSO UGARTE No. 1320 - 1322 - 1326,BREÑA,LIMA,LIMA,Av. ALFONSO UGARTE No. 1320 - 1322 - 1326,"AVENIDA. ALFONSO UGARTE NO. 1320, 1322, 1326","[""AVENIDA. ALFONSO UGARTE NO. 1320, 1322, 1326"", ""AVENIDA. ALFONSO UGARTE NO. 1320, 1322, 1326, BREÑA""]",,
20607188174,GARNIER INVERSIONES SAC,AFRICA,,001635,142423001,2026-10-04,69.0,154.0,,Av. GRAN CHIMU No. 777,SAN JUAN DE LURIGANCHO,LIMA,LIMA,Av. GRAN CHIMU No. 777,AVENIDA. GRAN CHIMU NO. 777,"[""AVENIDA. GRAN CHIMU NO. 777"", ""AVENIDA. GRAN CHIMU NO. 777, SAN JUAN DE LURIGANCHO""]",-12.0246332,-76.9971569
20607188174,GARNIER INVERSIONES SAC,GRAN CHIMU,REST. 5TT,002183,132423002,2026-12-01,65.0,124.0,,Av. GRAN CHIMU No. 822 - 824,SAN JUAN DE LURIGANCHO,LIMA,LIMA,Av. GRAN CHIMU No. 822 - 824,"AVENIDA. GRAN CHIMU NO. 822, 824","[""AVENIDA. GRAN CHIMU NO. 822, 824"", ""AVENIDA. GRAN CHIMU NO. 822, 824, SAN JUAN DE LURIGANCHO""]",,
20607188174,GARNIER INVERSIONES SAC,NILVER,,001733,132423004,2027-06-23,54.0,140.0,,Av. JOSE DE LA RIVA AGÜERO No. 664,EL AGUSTINO,LIMA,LIMA,Av. JOSE DE LA RIVA AGÜERO No. 664,AVENIDA. JOSE DE LA RIVA AGÜERO NO. 664,"[""AVENIDA. JOSE DE LA RIVA AGÜERO NO. 664"", ""AVENIDA. JOSE DE LA RIVA AGÜERO NO. 664, EL AGUSTINO""]",-12.0437816,-76.9977721
20607188174,GARNIER INVERSIONES SAC,POSEIDON,REST. 5TT,001131,132423003,2027-05-05,116.0,272.0,,Av. JOSE CARLOS MARIATEGUI No. 2581 - 2583,EL AGUSTINO,LIMA,LIMA,Av. JOSE CARLOS MARIATEGUI No. 2581 - 2583,"AVENIDA. JOSE CARLOS MARIATEGUI NO. 2581, 2583","[""AVENIDA. JOSE CARLOS MARIATEGUI NO. 2581, 2583"", ""AVENIDA. JOSE CARLOS MARIATEGUI NO. 2581, 2583, EL AGUSTINO""]",,
20507722092,GLADYS Y FRANCISCO S.A.C.,COMAS SLOT,,002208,120600002,2027-05-29,86.0,197.0,,Av. TUPAC AMARU No. 3852 - 3854,COMAS,LIMA,LIMA,Av. TUPAC AMARU No. 3852 - 3854,"AVENIDA. TUPAC AMARU NO. 3852, 3854","[""AVENIDA. TUPAC AMARU NO. 3852, 3854"", ""AVENIDA. TUPAC AMARU NO. 3852, 3854, COMAS""]",,
20507722092,GLADYS Y FRANCISCO S.A.C.,RUMBA SLOT,REST. 5TT,005201,110600004,2027-12-01,60.0,119.0,,Av. LAS PALMERAS No. 3839,LOS OLIVOS,LIMA,LIMA,Av. LAS PALMERAS No. 3839,AVENIDA. LAS PALMERAS NO. 3839,"[""AVENIDA. LAS PALMERAS NO. 3839"", ""AVENIDA. LAS PALMERAS NO. 3839, LOS OLIVOS""]",-11.9700204,-77.0723331
20563720591,GOLDEN CITY S.A.C.,GOLDEN CITY,,3688 - 2026,141852001,2030-05-25,75.0,136.0,,Jr. JOSE OLAYA No. 738 - 740,VILLA MARÍA DEL TRIUNFO,LIMA,LIMA,Jr. JOSE OLAYA No. 738 - 740,"JIRON. JOSE OLAYA NO. 738, 740","[""JIRON. JOSE OLAYA NO. 738, 740"", ""JIRON. JOSE OLAYA NO. 738, 740, VILLA MARÍA DEL TRIUNFO""]",,
20145118493,GOLDEN GAMING S.A.,CASINO LA HACIENDA,HOTEL ****,1563 - 2025,210033051,2029-03-07,,,12.0,Av. 28 DE JULIO No. 531,MIRAFLORES,LIMA,LIMA,Av. 28 DE JULIO No. 531,AVENIDA. 28 DE JULIO NO. 531,"[""AVENIDA. 28 DE JULIO NO. 531"", ""AVENIDA. 28 DE JULIO NO. 531, MIRAFLORES""]",-12.1302499,-77.0212
20145118493,GOLDEN GAMING S.A.,TGM LA HACIENDA,HOTEL ****,52 - 2026,110033001,2030-01-09,276.0,697.0,,Av. 28 DE JULIO Y AV. LARCO 895 No. 531,MIRAFLORES,LIMA,LIMA,Av. 28 DE JULIO Y AV. LARCO 895 No. 531,AVENIDA. 28 DE JULIO Y AVENIDA. LARCO 895 NO. 531,"[""AVENIDA. 28 DE JULIO Y AVENIDA. LARCO 895 NO. 531"", ""AVENIDA. 28 DE JULIO Y AVENIDA. LARCO 895 NO. 531, MIRAFLORES""]",,
20346662612,GOLDEN INVESTMENT S.A.,CASINO GOLDEN PALACE,REST. 5TT,4436 - 2024,210034051,2028-08-02,,,30.0,Av. REPUBLICA DE PANAMA No. 3155 - 3165,SAN ISIDRO,LIMA,LIMA,Av. REPUBLICA DE PANAMA No. 3155 - 3165,"AVENIDA. REPUBLICA DE PANAMA NO. 3155, 3165","[""AVENIDA. REPUBLICA DE PANAMA NO. 3155, 3165"", ""AVENIDA. REPUBLICA DE PANAMA NO. 3155, 3165, SAN ISIDRO""]",,
20346662612,GOLDEN INVESTMENT S.A.,TGM GOLDEN PALACE,REST. 5TT,7006 - 2024,110034001,2028-11-20,719.0,1516.0,,REPUBLICA DE PANAMA No. 3155 - 3165,SAN ISIDRO,LIMA,LIMA,REPUBLICA DE PANAMA No. 3155 - 3165,"REPUBLICA DE PANAMA NO. 3155, 3165","[""REPUBLICA DE PANAMA NO. 3155, 3165"", ""REPUBLICA DE PANAMA NO. 3155, 3165, SAN ISIDRO""]",,
20602312161,GOLDEN PHARAOH S.A.C.,TRAGAMONEDAS MANCHAY,REST. 5TT,000933,112187002,2027-03-15,54.0,244.0,,Av. VICTOR MALASQUEZ MZ. C Lt. 06 B,PACHACAMAC,LIMA,LIMA,Av. VICTOR MALASQUEZ MZ. C Lt. 06 B,AVENIDA. VICTOR MALASQUEZ MZ. C LT. 06 B,"[""AVENIDA. VICTOR MALASQUEZ MZ. C LT. 06 B"", ""AVENIDA. VICTOR MALASQUEZ MZ. C LT. 06 B, PACHACAMAC""]",,
20607074713,GRUPO OBELISCO S.A.C.,EL FARAON,REST. 5TT,003354-2024,132551001,2029-06-24,74.0,155.0,,Jr. NICOLAS DE PIEROLA ESTE MZ 1L LOTE 5A Y 5 No. 112,CARABAYLLO,LIMA,LIMA,Jr. NICOLAS DE PIEROLA ESTE MZ 1L LOTE 5A Y 5 No. 112,JIRON. NICOLAS DE PIEROLA ESTE MZ 1L LOTE 5A Y 5 NO. 112,"[""JIRON. NICOLAS DE PIEROLA ESTE MZ 1L LOTE 5A Y 5 NO. 112"", ""JIRON. NICOLAS DE PIEROLA ESTE MZ 1L LOTE 5A Y 5 NO. 112, CARABAYLLO"", ""JIRON. NICOLAS DE PIEROLA ESTE MZ. 1L LOTE 5A Y 5 NO. 112""]",,
20606111178,GUACAMAYO AZUL S.A.C.,CASINO 37,,000334,142403003,2027-02-10,70.0,173.0,,Av. PERU No. 3701,SAN MARTÍN DE PORRES,LIMA,LIMA,Av. PERU No. 3701,AVENIDA. PERU NO. 3701,"[""AVENIDA. PERU NO. 3701"", ""AVENIDA. PERU NO. 3701, SAN MARTÍN DE PORRES""]",-11.9842453,-77.0914848
20606749547,HARTFORD INVERSIONES SAC,SCRATCH DO BRASIL,,001301,142439001,2027-05-18,102.0,163.0,,Av. BRASIL No. 1295,JESÚS MARÍA,LIMA,LIMA,Av. BRASIL No. 1295,AVENIDA. BRASIL NO. 1295,"[""AVENIDA. BRASIL NO. 1295"", ""AVENIDA. BRASIL NO. 1295, JESÚS MARÍA""]",-12.0855329,-77.0622681
20600015614,IMPERIAL SLOTS GAMING S.A.C.,LA FICHA DORADA,,000905,141869001,2027-03-10,66.0,209.0,,Av. PERU No. 3049,SAN MARTÍN DE PORRES,LIMA,LIMA,Av. PERU No. 3049,AVENIDA. PERU NO. 3049,"[""AVENIDA. PERU NO. 3049"", ""AVENIDA. PERU NO. 3049, SAN MARTÍN DE PORRES""]",-11.9842453,-77.0914848
20615171035,IMPERIUM BET S.A.C.,OCEAN,,3455 - 2026,142655001,2031-05-15,88.0,254.0,,Av. MANCO CAPAC No. 107 - 107 - 109 - 109,LA VICTORIA,LIMA,LIMA,Av. MANCO CAPAC No. 107 - 107 - 109 - 109,"AVENIDA. MANCO CAPAC NO. 107, 107, 109, 109","[""AVENIDA. MANCO CAPAC NO. 107, 107, 109, 109"", ""AVENIDA. MANCO CAPAC NO. 107, 107, 109, 109, LA VICTORIA""]",,
20510626479,IMPORT & EXPORT GOLDEN S.A.C.,GOLDEN COIN,,5847 - 2025,120420001,2029-08-19,105.0,304.0,,Av. AGUSTIN DE LA ROSA TORO No. 1045,SAN LUIS,LIMA,LIMA,Av. AGUSTIN DE LA ROSA TORO No. 1045,AVENIDA. AGUSTIN DE LA ROSA TORO NO. 1045,"[""AVENIDA. AGUSTIN DE LA ROSA TORO NO. 1045"", ""AVENIDA. AGUSTIN DE LA ROSA TORO NO. 1045, SAN LUIS""]",-12.0738938,-76.9969454
20608690868,INTERGAMING PERU S.A.C.,CLEOPATRA,REST. 5TT,6968 - 2024,112485003,2030-03-26,76.0,181.0,,Av. PROCERES DE LA INDEPENDENCIA No. 5240,SAN JUAN DE LURIGANCHO,LIMA,LIMA,Av. PROCERES DE LA INDEPENDENCIA No. 5240,AVENIDA. PROCERES DE LA INDEPENDENCIA NO. 5240,"[""AVENIDA. PROCERES DE LA INDEPENDENCIA NO. 5240"", ""AVENIDA. PROCERES DE LA INDEPENDENCIA NO. 5240, SAN JUAN DE LURIGANCHO""]",-11.9821001,-77.005708
20608690868,INTERGAMING PERU S.A.C.,LA VICTORIA,,000109-2024,142485002,2029-01-13,86.0,242.0,,Av. MANCO CÁPAC No. 591,LA VICTORIA,LIMA,LIMA,Av. MANCO CÁPAC No. 591,AVENIDA. MANCO CÁPAC NO. 591,"[""AVENIDA. MANCO CÁPAC NO. 591"", ""AVENIDA. MANCO CÁPAC NO. 591, LA VICTORIA""]",-12.062478,-77.0294646
20608690868,INTERGAMING PERU S.A.C.,MIDAS,,004154,132485001,2027-12-29,79.0,207.0,,Av. JULIO C. TELLO No. 187 y Av. REVOLUCION No. 1403,COMAS,LIMA,LIMA,Av. JULIO C. TELLO No. 187 y Av. REVOLUCION No. 1403,AVENIDA. JULIO C. TELLO NO. 187 Y AVENIDA. REVOLUCION NO. 1403,"[""AVENIDA. JULIO C. TELLO NO. 187 Y AVENIDA. REVOLUCION NO. 1403"", ""AVENIDA. JULIO C. TELLO NO. 187 Y AVENIDA. REVOLUCION NO. 1403, COMAS""]",,
20522110699,INVERGESS S.R.L.,ATLANTIS I,,6632 - 2025,142644001,2030-09-19,144.0,460.0,,Av. JOSÉ DE LA RIBA AGÜERO No. 1434,EL AGUSTINO,LIMA,LIMA,Av. JOSÉ DE LA RIBA AGÜERO No. 1434,AVENIDA. JOSÉ DE LA RIBA AGÜERO NO. 1434,"[""AVENIDA. JOSÉ DE LA RIBA AGÜERO NO. 1434"", ""AVENIDA. JOSÉ DE LA RIBA AGÜERO NO. 1434, EL AGUSTINO""]",,
20522110699,INVERGESS S.R.L.,RIVAAGUERO I I,REST. 5TT,7174 - 2025,132644002,2030-10-02,59.0,186.0,,Av. JOSE DE LA RIVA AGUERO No. 1302 - 1304,EL AGUSTINO,LIMA,LIMA,Av. JOSE DE LA RIVA AGUERO No. 1302 - 1304,"AVENIDA. JOSE DE LA RIVA AGUERO NO. 1302, 1304","[""AVENIDA. JOSE DE LA RIVA AGUERO NO. 1302, 1304"", ""AVENIDA. JOSE DE LA RIVA AGUERO NO. 1302, 1304, EL AGUSTINO""]",-12.0437816,-76.9977721
20602149138,INVERSIONES ADRIAC S.A.C.,EL ARABE,,000139,142157005,2027-10-09,35.0,76.0,,Av. TUPAC AMARU MZ. O Lt. 12 y Av. TUPAC AMARU No. 3181 - 3183,CARABAYLLO,LIMA,LIMA,Av. TUPAC AMARU MZ. O Lt. 12 y Av. TUPAC AMARU No. 3181 - 3183,"AVENIDA. TUPAC AMARU MZ. O LT. 12 Y AVENIDA. TUPAC AMARU NO. 3181, 3183","[""AVENIDA. TUPAC AMARU MZ. O LT. 12 Y AVENIDA. TUPAC AMARU NO. 3181, 3183"", ""AVENIDA. TUPAC AMARU MZ. O LT. 12 Y AVENIDA. TUPAC AMARU NO. 3181, 3183, CARABAYLLO""]",,
20602149138,INVERSIONES ADRIAC S.A.C.,MONEY CITY,,003862-2023,142157006,2027-09-06,16.0,67.0,,Av. MEXICO No. 1500,LA VICTORIA,LIMA,LIMA,Av. MEXICO No. 1500,AVENIDA. MEXICO NO. 1500,"[""AVENIDA. MEXICO NO. 1500"", ""AVENIDA. MEXICO NO. 1500, LA VICTORIA""]",-12.0767072,-77.028203
20602149138,INVERSIONES ADRIAC S.A.C.,NEL BLU,,003672-2023,142157007,2027-08-29,42.0,125.0,,Av. TUPAC AMARU No. 5997,COMAS,LIMA,LIMA,Av. TUPAC AMARU No. 5997,AVENIDA. TUPAC AMARU NO. 5997,"[""AVENIDA. TUPAC AMARU NO. 5997"", ""AVENIDA. TUPAC AMARU NO. 5997, COMAS""]",-11.9445072,-77.0506204
20602149138,INVERSIONES ADRIAC S.A.C.,REAL CHAVIN,,001717-2023,142157003,2027-09-26,38.0,144.0,,Av. HEROES DEL CENEPA MZ.13 Lt. 1,SAN JUAN DE LURIGANCHO,LIMA,LIMA,Av. HEROES DEL CENEPA MZ.13 Lt. 1,AVENIDA. HEROES DEL CENEPA MZ13 LT. 1,"[""AVENIDA. HEROES DEL CENEPA MZ13 LT. 1"", ""AVENIDA. HEROES DEL CENEPA MZ13 LT. 1, SAN JUAN DE LURIGANCHO""]",,
20602149138,INVERSIONES ADRIAC S.A.C.,REAL SIPAN,,001762-2023,142157008,2027-05-05,69.0,213.0,,Av. GRAN CHIMÚ No. 362,SAN JUAN DE LURIGANCHO,LIMA,LIMA,Av. GRAN CHIMÚ No. 362,AVENIDA. GRAN CHIMÚ NO. 362,"[""AVENIDA. GRAN CHIMÚ NO. 362"", ""AVENIDA. GRAN CHIMÚ NO. 362, SAN JUAN DE LURIGANCHO""]",-12.0243199,-76.9833376
20515529625,INVERSIONES ANCASH S.A.C.,MANHATTAN,REST. 5TT,9008 - 2025,112306001,2029-11-26,43.0,81.0,,Av. CARLOS IZAGUIRRE MZ. B. LT. 2 Mz. B,SAN MARTÍN DE PORRES,LIMA,LIMA,Av. CARLOS IZAGUIRRE MZ. B. LT. 2 Mz. B,AVENIDA. CARLOS IZAGUIRRE MZ. B. LT. 2 MZ. B,"[""AVENIDA. CARLOS IZAGUIRRE MZ. B. LT. 2 MZ. B"", ""AVENIDA. CARLOS IZAGUIRRE MZ. B. LT. 2 MZ. B, SAN MARTÍN DE PORRES""]",,
20486353181,INVERSIONES ANDEAN DEL CENTRO S.A.C.,WIN HOUSE,,003236,120756004,2026-10-24,63.0,177.0,,Jr. ALMIRANTE GUISSE No. 1500,LINCE,LIMA,LIMA,Jr. ALMIRANTE GUISSE No. 1500,JIRON. ALMIRANTE GUISSE NO. 1500,"[""JIRON. ALMIRANTE GUISSE NO. 1500"", ""JIRON. ALMIRANTE GUISSE NO. 1500, LINCE""]",-12.0810065,-77.0394639
20486353181,INVERSIONES ANDEAN DEL CENTRO S.A.C.,WIN´S,,002024-2023,120756001,2027-05-20,82.0,253.0,,Av. MEXICO No. 630 - 642,LA VICTORIA,LIMA,LIMA,Av. MEXICO No. 630 - 642,"AVENIDA. MEXICO NO. 630, 642","[""AVENIDA. MEXICO NO. 630, 642"", ""AVENIDA. MEXICO NO. 630, 642, LA VICTORIA""]",,
20172013521,INVERSIONES DREAM S.A.,BINGO GARDEN,,51 - 2026,120042001,2030-01-09,218.0,525.0,,Otro CONJUNTO RESIDENCIAL S.FELIPE-TIENDA 67-D (CENTRO COMERCIAL) Int. 76 - 77 - 78 - 79,JESÚS MARÍA,LIMA,LIMA,Otro CONJUNTO RESIDENCIAL S.FELIPE-TIENDA 67-D (CENTRO COMERCIAL) Int. 76 - 77 - 78 - 79,"CONJUNTO RESIDENCIAL S.FELIPE, TIENDA 67, D (CENTRO COMERCIAL) INT. 76, 77, 78, 79","[""CONJUNTO RESIDENCIAL S.FELIPE, TIENDA 67, D (CENTRO COMERCIAL) INT. 76, 77, 78, 79"", ""CONJUNTO RESIDENCIAL S.FELIPE, TIENDA 67, D (CENTRO COMERCIAL) INT. 76, 77, 78, 79, JESÚS MARÍA""]",,
20547941421,INVERSIONES GAMING ALELI S.A.C.,DOLPHIN,,3814,141588003,2026-12-01,75.0,179.0,,DANTE No. 869,SURQUILLO,LIMA,LIMA,DANTE No. 869,DANTE NO. 869,"[""DANTE NO. 869"", ""DANTE NO. 869, SURQUILLO""]",-12.1083778,-77.02358
20486133733,INVERSIONES GESTIONES Y SERVICIOS J & B S.C.R.L.,BLUE SKY II,REST. 5TT,004854,110792004,2027-11-09,85.0,216.0,,"Av. JOSE CARLOS MARIATEGUI MZ. I LOTE 07, 1RA ETAPA DE LA COOPERATIVA DE VIVIENDA DE HUANCAYO No. 2493",EL AGUSTINO,LIMA,LIMA,"Av. JOSE CARLOS MARIATEGUI MZ. I LOTE 07, 1RA ETAPA DE LA COOPERATIVA DE VIVIENDA DE HUANCAYO No. 2493","AVENIDA. JOSE CARLOS MARIATEGUI MZ. I LOTE 07, 1RA ETAPA DE LA COOPERATIVA DE VIVIENDA DE HUANCAYO NO. 2493","[""AVENIDA. JOSE CARLOS MARIATEGUI MZ. I LOTE 07, 1RA ETAPA DE LA COOPERATIVA DE VIVIENDA DE HUANCAYO NO. 2493"", ""AVENIDA. JOSE CARLOS MARIATEGUI MZ. I LOTE 07, 1RA ETAPA DE LA COOPERATIVA DE VIVIENDA DE HUANCAYO NO. 2493, EL AGUSTINO""]",,
20607971260,INVERSIONES GROUP GAMING S.A.C.,CAMBOYA,REST. 5TT,002266,132424003,2027-08-03,59.0,99.0,,"Av. TUPAC AMARU 6045, MZ. Q LT. 28 No. 6045",COMAS,LIMA,LIMA,"Av. TUPAC AMARU 6045, MZ. Q LT. 28 No. 6045","AVENIDA. TUPAC AMARU 6045, MZ. Q LT. 28 NO. 6045","[""AVENIDA. TUPAC AMARU 6045, MZ. Q LT. 28 NO. 6045"", ""AVENIDA. TUPAC AMARU 6045, MZ. Q LT. 28 NO. 6045, COMAS""]",,
20608568205,INVERSIONES HOLDING CLUB S.A.C.,EL ENKANTO DE ORO,REST. 5TT,4474,112450001,2028-10-16,51.0,205.0,,Av. Tomas Valle Mz. C,SAN MARTÍN DE PORRES,LIMA,LIMA,Av. Tomas Valle Mz. C,AVENIDA. TOMAS VALLE MZ. C,"[""AVENIDA. TOMAS VALLE MZ. C"", ""AVENIDA. TOMAS VALLE MZ. C, SAN MARTÍN DE PORRES""]",,
20514397598,INVERSIONES JOSWEND S.A.C.,MR. CASH,,1496 - 2024,140765001,2028-03-27,55.0,153.0,,Jr. PROVEEDORES UNIDOS No. 173,BREÑA,LIMA,LIMA,Jr. PROVEEDORES UNIDOS No. 173,JIRON. PROVEEDORES UNIDOS NO. 173,"[""JIRON. PROVEEDORES UNIDOS NO. 173"", ""JIRON. PROVEEDORES UNIDOS NO. 173, BREÑA""]",-12.0652318,-77.0580291
20600637755,INVERSIONES KAMIYA S.A.C.,COLMENA,,002271,141956001,2027-06-02,73.0,142.0,,Av. NICOLAS DE PIEROLA No. 840 - 844,LIMA,LIMA,LIMA,Av. NICOLAS DE PIEROLA No. 840 - 844,"AVENIDA. NICOLAS DE PIEROLA NO. 840, 844","[""AVENIDA. NICOLAS DE PIEROLA NO. 840, 844"", ""AVENIDA. NICOLAS DE PIEROLA NO. 840, 844, LIMA""]",,
20524616425,INVERSIONES KUAN S.A.C.,KINGSTON,REST. 5TT,8102 - 2025,111301001,2029-10-29,60.0,176.0,,VENEZUELA No. 1030,BREÑA,LIMA,LIMA,VENEZUELA No. 1030,VENEZUELA NO. 1030,"[""VENEZUELA NO. 1030"", ""VENEZUELA NO. 1030, BREÑA""]",-12.0556267,-77.0571605
20391198897,INVERSIONES KYODO S.A.C.,EMPORIUM,,4612 - 2025,120049001,2029-07-01,243.0,766.0,,Calle UCELLO No. 200,SAN BORJA,LIMA,LIMA,Calle UCELLO No. 200,CALLE UCELLO NO. 200,"[""CALLE UCELLO NO. 200"", ""CALLE UCELLO NO. 200, SAN BORJA""]",,
20549595082,INVERSIONES LIAN KUAN S.A.C.,SALA KINGSTON,REST. 5TT,9009 - 2025,111641002,2029-11-26,197.0,755.0,,Otro MZ. I LT. 18 SECTOR 02 GRUPO 10,VILLA EL SALVADOR,LIMA,LIMA,Otro MZ. I LT. 18 SECTOR 02 GRUPO 10,MZ. I LT. 18 SECTOR 02 GRUPO 10,"[""MZ. I LT. 18 SECTOR 02 GRUPO 10"", ""MZ. I LT. 18 SECTOR 02 GRUPO 10, VILLA EL SALVADOR""]",,
20507342699,INVERSIONES LUNA LLENA S.A.C.,EL TESORO ESCONDIDO,,3121,120331001,2027-07-19,62.0,193.0,,Av. DEFENSORES DEL MORRO No. 611,CHORRILLOS,LIMA,LIMA,Av. DEFENSORES DEL MORRO No. 611,AVENIDA. DEFENSORES DEL MORRO NO. 611,"[""AVENIDA. DEFENSORES DEL MORRO NO. 611"", ""AVENIDA. DEFENSORES DEL MORRO NO. 611, CHORRILLOS""]",,
20307257603,INVERSIONES MAJU S.A.C.,DINERO MAGICO,,3946 - 2026,120053001,2030-06-03,70.0,183.0,,Av. PERU No. 3085,SAN MARTÍN DE PORRES,LIMA,LIMA,Av. PERU No. 3085,AVENIDA. PERU NO. 3085,"[""AVENIDA. PERU NO. 3085"", ""AVENIDA. PERU NO. 3085, SAN MARTÍN DE PORRES""]",-11.9829327,-77.0971961
20510632444,INVERSIONES MARGIAN S.A.C.,EKEKO,,004032 - 2019,120819001,,60.0,205.0,,Jr. PABLO PATRON No. 350,LA VICTORIA,LIMA,LIMA,Jr. PABLO PATRON No. 350,JIRON. PABLO PATRON NO. 350,"[""JIRON. PABLO PATRON NO. 350"", ""JIRON. PABLO PATRON NO. 350, LA VICTORIA""]",,
20605436022,INVERSIONES MEGA GAMING SAC,SAN JUAN II,,5789 - 2025,142368004,2029-08-14,190.0,684.0,,Av. SAN MARTIN MZ. K-1 Lt. 27 - 28,SAN JUAN DE LURIGANCHO,LIMA,LIMA,Av. SAN MARTIN MZ. K-1 Lt. 27 - 28,"AVENIDA. SAN MARTIN MZ. K, 1 LT. 27, 28","[""AVENIDA. SAN MARTIN MZ. K, 1 LT. 27, 28"", ""AVENIDA. SAN MARTIN MZ. K, 1 LT. 27, 28, SAN JUAN DE LURIGANCHO""]",,
20512503544,INVERSIONES MONO BLANCO S.A.C.,MONO BLANCO,,744,120850001,2026-09-27,95.0,197.0,,Av. JUAN LECAROS No. 110 - 120,PUENTE PIEDRA,LIMA,LIMA,Av. JUAN LECAROS No. 110 - 120,"AVENIDA. JUAN LECAROS NO. 110, 120","[""AVENIDA. JUAN LECAROS NO. 110, 120"", ""AVENIDA. JUAN LECAROS NO. 110, 120, PUENTE PIEDRA""]",,
20602150136,INVERSIONES MUSTAFA SLOT S.A.C.,MARDI GRAS,REST. 5TT,4168 - 2024,112146002,2029-07-22,46.0,161.0,,Malecón SAN MARTIN Mz. 7,PUCUSANA,LIMA,LIMA,Malecón SAN MARTIN Mz. 7,MALECÓN SAN MARTIN MZ. 7,"[""MALECÓN SAN MARTIN MZ. 7"", ""MALECÓN SAN MARTIN MZ. 7, PUCUSANA""]",,
20511943575,INVERSIONES NAPAN S.R.L,TIO RICO I,,002502,120623001,2027-06-15,34.0,82.0,,Av. CAQUETÁ No. 1160 - 1170,RÍMAC,LIMA,LIMA,Av. CAQUETÁ No. 1160 - 1170,"AVENIDA. CAQUETÁ NO. 1160, 1170","[""AVENIDA. CAQUETÁ NO. 1160, 1170"", ""AVENIDA. CAQUETÁ NO. 1160, 1170, RÍMAC""]",,
20511943575,INVERSIONES NAPAN S.R.L,TIO RICO III,,002710,120623003,2028-06-28,56.0,158.0,,Av. MÉXICO No. 1691,LA VICTORIA,LIMA,LIMA,Av. MÉXICO No. 1691,AVENIDA. MÉXICO NO. 1691,"[""AVENIDA. MÉXICO NO. 1691"", ""AVENIDA. MÉXICO NO. 1691, LA VICTORIA""]",-12.0732686,-77.0164273
20451735340,INVERSIONES ROSMIT S.A.C.,SANTA ANITA,REST. 5TT,1772 - 2025,111406001,2029-03-17,68.0,169.0,,Av. RUISEÑORES No. 226,SANTA ANITA,LIMA,LIMA,Av. RUISEÑORES No. 226,AVENIDA. RUISEÑORES NO. 226,"[""AVENIDA. RUISEÑORES NO. 226"", ""AVENIDA. RUISEÑORES NO. 226, SANTA ANITA""]",-12.0484487,-76.9676298
20600872843,INVERSIONES ROYLIN S.A.C.,FUNDICIÓN SLOT,REST. 5TT,001712,111973002,2028-05-03,31.0,83.0,,Av. LAS PALMERAS MZ. A LOTE 36 Lt. 36,PUENTE PIEDRA,LIMA,LIMA,Av. LAS PALMERAS MZ. A LOTE 36 Lt. 36,AVENIDA. LAS PALMERAS MZ. A LOTE 36 LT. 36,"[""AVENIDA. LAS PALMERAS MZ. A LOTE 36 LT. 36"", ""AVENIDA. LAS PALMERAS MZ. A LOTE 36 LT. 36, PUENTE PIEDRA""]",,
20506936781,INVERSIONES SOLENKA S.A.C.,SOLENKA,,004655 - 2018,120309003,2027-06-12,89.0,201.0,,Av. EDUARDO DE HABICH No. 288,SAN MARTÍN DE PORRES,LIMA,LIMA,Av. EDUARDO DE HABICH No. 288,AVENIDA. EDUARDO DE HABICH NO. 288,"[""AVENIDA. EDUARDO DE HABICH NO. 288"", ""AVENIDA. EDUARDO DE HABICH NO. 288, SAN MARTÍN DE PORRES""]",-12.0281705,-77.0573447
20513433795,INVERSIONES STARGAMES S.A.C.,BINGO TRAGAMONEDAS MAGDALENA,,002639-2023,120836001,2027-07-14,172.0,451.0,,Jr. BOLOGNESI No. 499 y Jr. LEONCIO PRADO No. 690,MAGDALENA DEL MAR,LIMA,LIMA,Jr. BOLOGNESI No. 499 y Jr. LEONCIO PRADO No. 690,JIRON. BOLOGNESI NO. 499 Y JIRON. LEONCIO PRADO NO. 690,"[""JIRON. BOLOGNESI NO. 499 Y JIRON. LEONCIO PRADO NO. 690"", ""JIRON. BOLOGNESI NO. 499 Y JIRON. LEONCIO PRADO NO. 690, MAGDALENA DEL MAR""]",,
20513433795,INVERSIONES STARGAMES S.A.C.,BINGO TRAGAMONEDAS RIMAC,,001741-2023,120836002,2027-10-19,157.0,412.0,,Jr. TRUJILLO No. 315,RÍMAC,LIMA,LIMA,Jr. TRUJILLO No. 315,JIRON. TRUJILLO NO. 315,"[""JIRON. TRUJILLO NO. 315"", ""JIRON. TRUJILLO NO. 315, RÍMAC""]",-12.0361568,-77.0284544
20513433795,INVERSIONES STARGAMES S.A.C.,DUBAI PALACE,REST. 5TT,1742 - 2025,110836003,2029-03-13,76.0,161.0,,Av. TOMAS VALLE S/N Mz. E Lt. 15,SAN MARTÍN DE PORRES,LIMA,LIMA,Av. TOMAS VALLE S/N Mz. E Lt. 15,AVENIDA. TOMAS VALLE S/N MZ. E LT. 15,"[""AVENIDA. TOMAS VALLE S/N MZ. E LT. 15"", ""AVENIDA. TOMAS VALLE S/N MZ. E LT. 15, SAN MARTÍN DE PORRES""]",,
20513433795,INVERSIONES STARGAMES S.A.C.,QATAR,,005714,140836004,2028-12-30,77.0,155.0,,Av. SAN JUAN No. 1018,SAN JUAN DE MIRAFLORES,LIMA,LIMA,Av. SAN JUAN No. 1018,AVENIDA. SAN JUAN NO. 1018,"[""AVENIDA. SAN JUAN NO. 1018"", ""AVENIDA. SAN JUAN NO. 1018, SAN JUAN DE MIRAFLORES""]",-12.1540492,-76.9717859
20513160373,INVERSIONES TAURINAS NUEVO MUNDO S.A.C.,BELLA LUNA 777,,8864 - 2025,120784005,2029-11-20,241.0,764.0,,Av. ANGAMOS No. 858 - 864,SURQUILLO,LIMA,LIMA,Av. ANGAMOS No. 858 - 864,"AVENIDA. ANGAMOS NO. 858, 864","[""AVENIDA. ANGAMOS NO. 858, 864"", ""AVENIDA. ANGAMOS NO. 858, 864, SURQUILLO""]",-12.1122095,-77.0097182
20513160373,INVERSIONES TAURINAS NUEVO MUNDO S.A.C.,REAL TRAGAMONEDAS 777,,514 - 2026,120784002,2030-02-04,164.0,613.0,,Av. SAN JUAN No. 1092 - 1094,SAN JUAN DE MIRAFLORES,LIMA,LIMA,Av. SAN JUAN No. 1092 - 1094,"AVENIDA. SAN JUAN NO. 1092, 1094","[""AVENIDA. SAN JUAN NO. 1092, 1094"", ""AVENIDA. SAN JUAN NO. 1092, 1094, SAN JUAN DE MIRAFLORES""]",,
20515452908,INVERSIONES UNION LOO S.A.C.,COSTA ESMERALDA,,6289 - 2025,140945003,2030-09-05,73.0,203.0,,Av. VENEZUELA No. 874 - 876 - 882 - 884 - 886,BREÑA,LIMA,LIMA,Av. VENEZUELA No. 874 - 876 - 882 - 884 - 886,"AVENIDA. VENEZUELA NO. 874, 876, 882, 884, 886","[""AVENIDA. VENEZUELA NO. 874, 876, 882, 884, 886"", ""AVENIDA. VENEZUELA NO. 874, 876, 882, 884, 886, BREÑA""]",,
20537493489,INVERSIONES WINDSOR S.A.C.,32 STREET,,4246 - 2026,141450001,2030-06-12,55.0,172.0,,Av. PERU No. 3238,SAN MARTÍN DE PORRES,LIMA,LIMA,Av. PERU No. 3238,AVENIDA. PERU NO. 3238,"[""AVENIDA. PERU NO. 3238"", ""AVENIDA. PERU NO. 3238, SAN MARTÍN DE PORRES""]",-11.9842453,-77.0914848
20544804074,INVERSIONES Y RECREACIONES LINERD S.A.C.,IMPODIST,,1801,141474001,,63.0,212.0,,"Av. 15 DE JULIO LT. 07, HUAYCAN Mz. B",ATE,LIMA,LIMA,"Av. 15 DE JULIO LT. 07, HUAYCAN Mz. B","AVENIDA. 15 DE JULIO LT. 07, HUAYCAN MZ. B","[""AVENIDA. 15 DE JULIO LT. 07, HUAYCAN MZ. B"", ""AVENIDA. 15 DE JULIO LT. 07, HUAYCAN MZ. B, ATE""]",,
20513831847,INVERSIONES Y RECREACIONES REYMAR S.A.C.,BELAUNDE,,1643,140590002,2028-05-02,54.0,124.0,,Av. VICTOR ANDRES BELAUNDE OESTE No. 151 - 153,COMAS,LIMA,LIMA,Av. VICTOR ANDRES BELAUNDE OESTE No. 151 - 153,"AVENIDA. VICTOR ANDRES BELAUNDE OESTE NO. 151, 153","[""AVENIDA. VICTOR ANDRES BELAUNDE OESTE NO. 151, 153"", ""AVENIDA. VICTOR ANDRES BELAUNDE OESTE NO. 151, 153, COMAS""]",-11.9301639,-77.0649192
20513831847,INVERSIONES Y RECREACIONES REYMAR S.A.C.,DOLPHINS,,160 - 2024,120590001,2028-01-16,86.0,248.0,,Av. TUPAC AMARU No. 6651,COMAS,LIMA,LIMA,Av. TUPAC AMARU No. 6651,AVENIDA. TUPAC AMARU NO. 6651,"[""AVENIDA. TUPAC AMARU NO. 6651"", ""AVENIDA. TUPAC AMARU NO. 6651, COMAS""]",-11.9445072,-77.0506204
20510171706,INVERSIONES Y SERVICIOS EL BASHA S.A.C.,SALON DE JUEGOS BLACK JACK,,3197,120806001,2026-10-21,40.0,96.0,,Av. BAUZATE Y MEZA No. 1489,LA VICTORIA,LIMA,LIMA,Av. BAUZATE Y MEZA No. 1489,AVENIDA. BAUZATE Y MEZA NO. 1489,"[""AVENIDA. BAUZATE Y MEZA NO. 1489"", ""AVENIDA. BAUZATE Y MEZA NO. 1489, LA VICTORIA""]",-12.0629127,-77.0165673
20491975513,ISA PERU GROUP S.A.C.,QUEEN''S TRAGAMONEDAS,,846 - 2025,141145004,2030-02-11,148.0,263.0,,Av. LOS PROCERES No. 7876 - 7878,LOS OLIVOS,LIMA,LIMA,Av. LOS PROCERES No. 7876 - 7878,"AVENIDA. LOS PROCERES NO. 7876, 7878","[""AVENIDA. LOS PROCERES NO. 7876, 7878"", ""AVENIDA. LOS PROCERES NO. 7876, 7878, LOS OLIVOS""]",,
20491975513,ISA PERU GROUP S.A.C.,TRAGAMONEDAS ROYAL,REST. 5TT,4769,131145003,2028-11-03,32.0,68.0,,Av. ANTUNEZ DE MAYOLO (BOCANEGRA) MZ. F Lt. 4 Lt. 4,SAN MARTÍN DE PORRES,LIMA,LIMA,Av. ANTUNEZ DE MAYOLO (BOCANEGRA) MZ. F Lt. 4 Lt. 4,AVENIDA. ANTUNEZ DE MAYOLO (BOCANEGRA) MZ. F LT. 4 LT. 4,"[""AVENIDA. ANTUNEZ DE MAYOLO (BOCANEGRA) MZ. F LT. 4 LT. 4"", ""AVENIDA. ANTUNEZ DE MAYOLO (BOCANEGRA) MZ. F LT. 4 LT. 4, SAN MARTÍN DE PORRES""]",,
20548505900,JEHADHA S.A.C.,GAME PALACE,,002712-2023,142182001,2027-06-29,178.0,453.0,,Jr. HUALLAGA No. 641,LIMA,LIMA,LIMA,Jr. HUALLAGA No. 641,JIRON. HUALLAGA NO. 641,"[""JIRON. HUALLAGA NO. 641"", ""JIRON. HUALLAGA NO. 641, LIMA""]",-12.0479535,-77.0284618
20548505900,JEHADHA S.A.C.,SAN CARLOS,REST. 5TT,4190 - 2025,112182003,2029-06-11,115.0,235.0,,Av. PROCERES DE LA INDEPENDENCIA No. 2780,SAN JUAN DE LURIGANCHO,LIMA,LIMA,Av. PROCERES DE LA INDEPENDENCIA No. 2780,AVENIDA. PROCERES DE LA INDEPENDENCIA NO. 2780,"[""AVENIDA. PROCERES DE LA INDEPENDENCIA NO. 2780"", ""AVENIDA. PROCERES DE LA INDEPENDENCIA NO. 2780, SAN JUAN DE LURIGANCHO""]",-11.9821001,-77.005708
20486353342,JUEGO Y AVENTURA REAL S.A.C.,Palace,,116,140741002,2028-01-17,151.0,258.0,,Av. AVIACION No. 4543 - 4545,SANTIAGO DE SURCO,LIMA,LIMA,Av. AVIACION No. 4543 - 4545,"AVENIDA. AVIACION NO. 4543, 4545","[""AVENIDA. AVIACION NO. 4543, 4545"", ""AVENIDA. AVIACION NO. 4543, 4545, SANTIAGO DE SURCO""]",,
20486353342,JUEGO Y AVENTURA REAL S.A.C.,PALACIO REAL MOCHE,,3596 - 2025,120741001,2029-06-03,153.0,353.0,,Av. VELASCO ASTETE No. 2025,SANTIAGO DE SURCO,LIMA,LIMA,Av. VELASCO ASTETE No. 2025,AVENIDA. VELASCO ASTETE NO. 2025,"[""AVENIDA. VELASCO ASTETE NO. 2025"", ""AVENIDA. VELASCO ASTETE NO. 2025, SANTIAGO DE SURCO""]",-12.1401127,-76.9918634
20510359764,JUEGOS BORGOÑO S.A.C.,CARNAVAL LURIN,REST. 5TT,3189 - 2026,130780003,2030-05-06,120.0,511.0,,Av. Victor Raul Haya De La Torre Mz. A Lote 4-B Lt. 4-B,LURIN,LIMA,LIMA,Av. Victor Raul Haya De La Torre Mz. A Lote 4-B Lt. 4-B,"AVENIDA. VICTOR RAUL HAYA DE LA TORRE MZ. A LOTE 4, B LT. 4, B","[""AVENIDA. VICTOR RAUL HAYA DE LA TORRE MZ. A LOTE 4, B LT. 4, B"", ""AVENIDA. VICTOR RAUL HAYA DE LA TORRE MZ. A LOTE 4, B LT. 4, B, LURIN""]",,
20510359764,JUEGOS BORGOÑO S.A.C.,LA CABAÑA DE ORO,,5027 - 2025,120780001,2029-07-18,63.0,461.0,,Otro MZ. C LT. 1 Mz. MZ. C LT. 1,LURIN,LIMA,LIMA,Otro MZ. C LT. 1 Mz. MZ. C LT. 1,MZ. C LT. 1 MZ. MZ. C LT. 1,"[""MZ. C LT. 1 MZ. MZ. C LT. 1"", ""MZ. C LT. 1 MZ. MZ. C LT. 1, LURIN""]",-12.2388468,-76.7757119
20510359764,JUEGOS BORGOÑO S.A.C.,TROPICAL,,4336 - 2025,120780002,2029-06-17,298.0,1892.0,,Otro Mz. D Lt. 3 - 7,LURIN,LIMA,LIMA,Otro Mz. D Lt. 3 - 7,"MZ. D LT. 3, 7","[""MZ. D LT. 3, 7"", ""MZ. D LT. 3, 7, LURIN""]",-12.2388468,-76.7757119
20297159128,JUEGOS Y DIVERSIONES ORIENTAL SOCIEDAD COMERCIAL DE RESPONSABILIDAD LIMITADA - JUDIO S.R.L.,SALONES DE JUEGOS EL REY,,7179 - 2025,120061001,2029-10-01,75.0,195.0,,Av. SUCRE No. 637 - 641 - 645,PUEBLO LIBRE,LIMA,LIMA,Av. SUCRE No. 637 - 641 - 645,"AVENIDA. SUCRE NO. 637, 641, 645","[""AVENIDA. SUCRE NO. 637, 641, 645"", ""AVENIDA. SUCRE NO. 637, 641, 645, PUEBLO LIBRE""]",,
20333610842,JUEGOS Y ENTRETENIMIENTOS S.A.,CIRCUS CIRCUS,,782,140125002,,176.0,883.0,,Av. NICOLAS AYLLON (EX CARRETERA CENTRAL) 1° PISO No. 5101 - 5103,ATE,LIMA,LIMA,Av. NICOLAS AYLLON (EX CARRETERA CENTRAL) 1° PISO No. 5101 - 5103,"AVENIDA. NICOLAS AYLLON (EX CARRETERA CENTRAL) 1 PISO NO. 5101, 5103","[""AVENIDA. NICOLAS AYLLON (EX CARRETERA CENTRAL) 1 PISO NO. 5101, 5103"", ""AVENIDA. NICOLAS AYLLON (EX CARRETERA CENTRAL) 1 PISO NO. 5101, 5103, ATE""]",,
20333610842,JUEGOS Y ENTRETENIMIENTOS S.A.,EL REGALON,,003561-2023,120125001,2027-08-23,168.0,817.0,,Av. NICOLAS AYLLON No. 5189,ATE,LIMA,LIMA,Av. NICOLAS AYLLON No. 5189,AVENIDA. NICOLAS AYLLON NO. 5189,"[""AVENIDA. NICOLAS AYLLON NO. 5189"", ""AVENIDA. NICOLAS AYLLON NO. 5189, ATE""]",-12.0640473,-76.9890998
20600822137,JUNCO RECREATIVOS S.A.C.,RETABLO SLOT,REST. 5TT,3483 - 2025,111969001,2029-07-25,42.0,161.0,,Av. VICTOR ANDRES BELAUNDE OESTE No. 897-A,COMAS,LIMA,LIMA,Av. VICTOR ANDRES BELAUNDE OESTE No. 897-A,"AVENIDA. VICTOR ANDRES BELAUNDE OESTE NO. 897, A","[""AVENIDA. VICTOR ANDRES BELAUNDE OESTE NO. 897, A"", ""AVENIDA. VICTOR ANDRES BELAUNDE OESTE NO. 897, A, COMAS""]",,
20612612022,KASGAN S.A.C.,HUAYLAS,,5744 - 2025,142639001,2030-08-14,120.0,276.0,,Av. HUAYLAS No. 442 - 444 - 446,CHORRILLOS,LIMA,LIMA,Av. HUAYLAS No. 442 - 444 - 446,"AVENIDA. HUAYLAS NO. 442, 444, 446","[""AVENIDA. HUAYLAS NO. 442, 444, 446"", ""AVENIDA. HUAYLAS NO. 442, 444, 446, CHORRILLOS""]",,
20565456971,KINCORP GAMING S.A.C.,ARCADIA,,0001706,141844001,2028-04-09,187.0,757.0,,Av. LA MOLINA No. 1105,LA MOLINA,LIMA,LIMA,Av. LA MOLINA No. 1105,AVENIDA. LA MOLINA NO. 1105,"[""AVENIDA. LA MOLINA NO. 1105""]",-12.0696427,-76.9574882
20565457358,KINCORP INVESTMENTS S.A.C.,GRAND GOLD - PARURO,,6139 - 2024,140662001,2028-10-15,115.0,531.0,,Jr. PARURO No. 766 - 768,LIMA,LIMA,LIMA,Jr. PARURO No. 766 - 768,"JIRON. PARURO NO. 766, 768","[""JIRON. PARURO NO. 766, 768"", ""JIRON. PARURO NO. 766, 768, LIMA""]",,
20601342724,LAFAYETTE HOLDINGS SAC,NUEVO FORTUNA,REST. 5TT,004856-2024,112628001,2029-08-22,335.0,783.0,,Av. AREQUIPA No. 2130,LINCE,LIMA,LIMA,Av. AREQUIPA No. 2130,AVENIDA. AREQUIPA NO. 2130,"[""AVENIDA. AREQUIPA NO. 2130"", ""AVENIDA. AREQUIPA NO. 2130, LINCE""]",-12.080619,-77.0351337
20603861061,LI GAMING SOCIEDAD ANONIMA CERRADA LI GAMING S.A.C.,CUZCO,,5068,142559003,2028-11-24,84.0,260.0,,Jr. CUZCO No. 600,LIMA,LIMA,LIMA,Jr. CUZCO No. 600,JIRON. CUZCO NO. 600,"[""JIRON. CUZCO NO. 600"", ""JIRON. CUZCO NO. 600, LIMA""]",-12.2104596,-76.9048935
20603861061,LI GAMING SOCIEDAD ANONIMA CERRADA LI GAMING S.A.C.,HUANUCO,,1414 - 2024,142559007,2029-03-22,109.0,248.0,,Jr. PROLONGACION HUANUCO No. 1548 - 1550,LA VICTORIA,LIMA,LIMA,Jr. PROLONGACION HUANUCO No. 1548 - 1550,"JIRON. PROLONGACION HUANUCO NO. 1548, 1550","[""JIRON. PROLONGACION HUANUCO NO. 1548, 1550"", ""JIRON. PROLONGACION HUANUCO NO. 1548, 1550, LA VICTORIA""]",,
20603861061,LI GAMING SOCIEDAD ANONIMA CERRADA LI GAMING S.A.C.,SAN JUAN,,5147,142559006,2028-11-29,103.0,250.0,,Av. PROCERES DE LA INDEPENDENCIA No. 2099,SAN JUAN DE LURIGANCHO,LIMA,LIMA,Av. PROCERES DE LA INDEPENDENCIA No. 2099,AVENIDA. PROCERES DE LA INDEPENDENCIA NO. 2099,"[""AVENIDA. PROCERES DE LA INDEPENDENCIA NO. 2099"", ""AVENIDA. PROCERES DE LA INDEPENDENCIA NO. 2099, SAN JUAN DE LURIGANCHO""]",-11.9821001,-77.005708
20603861061,LI GAMING SOCIEDAD ANONIMA CERRADA LI GAMING S.A.C.,TACNA I,,604 - 2024,142559005,2029-02-08,112.0,229.0,,Av. EMANCIPACION No. 478 y Av. TACNA No. 473 - 475 - 477,LIMA,LIMA,LIMA,Av. EMANCIPACION No. 478 y Av. TACNA No. 473 - 475 - 477,"AVENIDA. EMANCIPACION NO. 478 Y AVENIDA. TACNA NO. 473, 475, 477","[""AVENIDA. EMANCIPACION NO. 478 Y AVENIDA. TACNA NO. 473, 475, 477"", ""AVENIDA. EMANCIPACION NO. 478 Y AVENIDA. TACNA NO. 473, 475, 477, LIMA""]",,
20506755051,LIGHTNING GAMING S.A.C.,EL DORADO VILLA,,61 - 2025,140595002,2030-01-07,180.0,666.0,,"Otro SECTOR 02 GRUPO 13, LT. 20 Mz. F - F",VILLA EL SALVADOR,LIMA,LIMA,"Otro SECTOR 02 GRUPO 13, LT. 20 Mz. F - F","SECTOR 02 GRUPO 13, LT. 20 MZ. F, F","[""SECTOR 02 GRUPO 13, LT. 20 MZ. F, F"", ""SECTOR 02 GRUPO 13, LT. 20 MZ. F, F, VILLA EL SALVADOR""]",,
20506755051,LIGHTNING GAMING S.A.C.,HAPPY DAYS,,5123 - 2024,140595003,2029-09-03,123.0,408.0,,Av. NICOLAS DE PIEROLA No. 489 - 489,BARRANCO,LIMA,LIMA,Av. NICOLAS DE PIEROLA No. 489 - 489,"AVENIDA. NICOLAS DE PIEROLA NO. 489, 489","[""AVENIDA. NICOLAS DE PIEROLA NO. 489, 489"", ""AVENIDA. NICOLAS DE PIEROLA NO. 489, 489, BARRANCO""]",,
20392960121,LIU JUBIN S.A.C.,FLAMENCO DE ORO III,,512,141821001,,89.0,266.0,,Av. ANGAMOS ESTE No. 1293 - 1293,SURQUILLO,LIMA,LIMA,Av. ANGAMOS ESTE No. 1293 - 1293,"AVENIDA. ANGAMOS ESTE NO. 1293, 1293","[""AVENIDA. ANGAMOS ESTE NO. 1293, 1293"", ""AVENIDA. ANGAMOS ESTE NO. 1293, 1293, SURQUILLO""]",-12.112262,-77.0073028
20604402558,LOCKSAN S.A.C.,BLACK ACE,,567 - 2026,142328001,2030-02-04,3.0,6.0,,Av. TUPAC AMARU No. 3881 - 3885,COMAS,LIMA,LIMA,Av. TUPAC AMARU No. 3881 - 3885,"AVENIDA. TUPAC AMARU NO. 3881, 3885","[""AVENIDA. TUPAC AMARU NO. 3881, 3885"", ""AVENIDA. TUPAC AMARU NO. 3881, 3885, COMAS""]",,
20388082144,LOS ALAMOS MACHINES INVESTMENTS S.A.,CUBATTA,,4849 - 2025,120276002,2029-07-08,102.0,225.0,,Av. CUBA No. 1120 - 1124 - 1126 - 1130,JESÚS MARÍA,LIMA,LIMA,Av. CUBA No. 1120 - 1124 - 1126 - 1130,"AVENIDA. CUBA NO. 1120, 1124, 1126, 1130","[""AVENIDA. CUBA NO. 1120, 1124, 1126, 1130"", ""AVENIDA. CUBA NO. 1120, 1124, 1126, 1130, JESÚS MARÍA""]",,
20388082144,LOS ALAMOS MACHINES INVESTMENTS S.A.,KAVARI,REST. 5TT,5063 - 2024,110276007,2028-08-29,94.0,190.0,,Av. PROCERES DE LA INDEPENDENCIA No. 3753,SAN JUAN DE LURIGANCHO,LIMA,LIMA,Av. PROCERES DE LA INDEPENDENCIA No. 3753,AVENIDA. PROCERES DE LA INDEPENDENCIA NO. 3753,"[""AVENIDA. PROCERES DE LA INDEPENDENCIA NO. 3753"", ""AVENIDA. PROCERES DE LA INDEPENDENCIA NO. 3753, SAN JUAN DE LURIGANCHO""]",-11.9821001,-77.005708
20388082144,LOS ALAMOS MACHINES INVESTMENTS S.A.,TRIBECA,,2483 - 2026,120276003,2030-04-15,160.0,369.0,,Av. LOS PROCERES No. 7886 - 7888,LOS OLIVOS,LIMA,LIMA,Av. LOS PROCERES No. 7886 - 7888,"AVENIDA. LOS PROCERES NO. 7886, 7888","[""AVENIDA. LOS PROCERES NO. 7886, 7888"", ""AVENIDA. LOS PROCERES NO. 7886, 7888, LOS OLIVOS""]",,
20536677161,LUCKY GAMING S.A.C.,LUCKY CHERRY UNIÓN,,8090 - 2025,142648001,2030-10-29,128.0,199.0,,Jr. DE LA UNION No. 869 - 879,LIMA,LIMA,LIMA,Jr. DE LA UNION No. 869 - 879,"JIRON. DE LA UNION NO. 869, 879","[""JIRON. DE LA UNION NO. 869, 879"", ""JIRON. DE LA UNION NO. 869, 879, LIMA""]",,
20551278671,LUCKY SLOT S.A.C.,VILLA SOL,,4804 - 2024,131682001,2029-08-20,41.0,114.0,,Av. CENTRAL MZ. 69 Lt. 11,LOS OLIVOS,LIMA,LIMA,Av. CENTRAL MZ. 69 Lt. 11,AVENIDA. CENTRAL MZ. 69 LT. 11,"[""AVENIDA. CENTRAL MZ. 69 LT. 11"", ""AVENIDA. CENTRAL MZ. 69 LT. 11, LOS OLIVOS""]",,
20303120409,LUNAC S.A.C.,LADY LUCkY,,001418,120066001,2027-05-18,86.0,312.0,,JAVIER PRADO ESTE No. 2778,SAN BORJA,LIMA,LIMA,JAVIER PRADO ESTE No. 2778,JAVIER PRADO ESTE NO. 2778,"[""JAVIER PRADO ESTE NO. 2778"", ""JAVIER PRADO ESTE NO. 2778, SAN BORJA""]",-12.0864563,-76.9842793
20601331463,MARDIGRAS S.A.C.,MARDIGRAS,,706,142056002,2027-02-27,142.0,245.0,,Av. LARCO No. 734,MIRAFLORES,LIMA,LIMA,Av. LARCO No. 734,AVENIDA. LARCO NO. 734,"[""AVENIDA. LARCO NO. 734"", ""AVENIDA. LARCO NO. 734, MIRAFLORES""]",-12.1257127,-77.0294468
20614053845,MASTER INVERSIONES SOCIEDAD ANONIMA CERRADA,SUNSET,REST. 5TT,7394 - 2025,132647001,2030-10-07,70.0,111.0,,Jr. MARISCAL LAS HERAS No. 252,LINCE,LIMA,LIMA,Jr. MARISCAL LAS HERAS No. 252,JIRON. MARISCAL LAS HERAS NO. 252,"[""JIRON. MARISCAL LAS HERAS NO. 252"", ""JIRON. MARISCAL LAS HERAS NO. 252, LINCE""]",,
20602038336,MAXDELS GAMING S.A.C.,RIMAC PALACE,REST. 5TT,001321 - 2024,112133001,2028-03-20,67.0,169.0,,Av. FELIPE ARANCIBIA No. 635,RÍMAC,LIMA,LIMA,Av. FELIPE ARANCIBIA No. 635,AVENIDA. FELIPE ARANCIBIA NO. 635,"[""AVENIDA. FELIPE ARANCIBIA NO. 635"", ""AVENIDA. FELIPE ARANCIBIA NO. 635, RÍMAC""]",-12.0319448,-77.0372629
20463145734,MESAC SLOT S.A.C.,CONTTENTO RISSO,,000310-2024,140588009,2029-01-31,136.0,378.0,,Calle RISSO No. 123 - 127,LINCE,LIMA,LIMA,Calle RISSO No. 123 - 127,"CALLE RISSO NO. 123, 127","[""CALLE RISSO NO. 123, 127"", ""CALLE RISSO NO. 123, 127, LINCE""]",,
20463145734,MESAC SLOT S.A.C.,REAL SLOT,,004188,120588004,2027-02-07,90.0,204.0,,Av. BOLIVIA No. 110,LIMA,LIMA,LIMA,Av. BOLIVIA No. 110,AVENIDA. BOLIVIA NO. 110,"[""AVENIDA. BOLIVIA NO. 110"", ""AVENIDA. BOLIVIA NO. 110, LIMA""]",-12.056055,-77.0399446
20463145734,MESAC SLOT S.A.C.,SLOT AND FIESTA,,000614-2024,120588007,2028-02-08,121.0,247.0,,Av. TUPAC AMARU No. 1017,COMAS,LIMA,LIMA,Av. TUPAC AMARU No. 1017,AVENIDA. TUPAC AMARU NO. 1017,"[""AVENIDA. TUPAC AMARU NO. 1017"", ""AVENIDA. TUPAC AMARU NO. 1017, COMAS""]",-11.9445072,-77.0506204
20509252000,MILLENNIUM GAME S.A.C.,SALA DE JUEGOS WINGS,,2508 - 2025,140547004,2029-04-08,118.0,273.0,,Av. LAS VIOLETAS No. 796,INDEPENDENCIA,LIMA,LIMA,Av. LAS VIOLETAS No. 796,AVENIDA. LAS VIOLETAS NO. 796,"[""AVENIDA. LAS VIOLETAS NO. 796"", ""AVENIDA. LAS VIOLETAS NO. 796, INDEPENDENCIA""]",,
20392872427,MUNDO RECREATIVO S.A.C.,REAL SLOTS,REST. 5TT,002123,111416001,2026-08-04,57.0,155.0,,"Av. LA ESTRELLA, CENTRO POBLADO SANTA CLARA No. 290",ATE,LIMA,LIMA,"Av. LA ESTRELLA, CENTRO POBLADO SANTA CLARA No. 290","AVENIDA. LA ESTRELLA, CENTRO POBLADO SANTA CLARA NO. 290","[""AVENIDA. LA ESTRELLA, CENTRO POBLADO SANTA CLARA NO. 290"", ""AVENIDA. LA ESTRELLA, CENTRO POBLADO SANTA CLARA NO. 290, ATE""]",,
20392872427,MUNDO RECREATIVO S.A.C.,SANTA CLARA SLOT,REST. 5TT,002525,111416002,2027-08-24,84.0,289.0,,Av. LAS ESTRELLAS NROS 125-125 B No. 125,ATE,LIMA,LIMA,Av. LAS ESTRELLAS NROS 125-125 B No. 125,"AVENIDA. LAS ESTRELLAS NROS 125, 125 B NO. 125","[""AVENIDA. LAS ESTRELLAS NROS 125, 125 B NO. 125"", ""AVENIDA. LAS ESTRELLAS NROS 125, 125 B NO. 125, ATE""]",,
20608092324,MYAGUI GAMING SAC,ALFONSO,,004028,142443008,2027-12-20,95.0,235.0,,Av. ALFONSO UGARTE No. 1490,BREÑA,LIMA,LIMA,Av. ALFONSO UGARTE No. 1490,AVENIDA. ALFONSO UGARTE NO. 1490,"[""AVENIDA. ALFONSO UGARTE NO. 1490"", ""AVENIDA. ALFONSO UGARTE NO. 1490, BREÑA""]",-12.0590045,-77.0418066
20608092324,MYAGUI GAMING SAC,BLOCK 6,,004189,142443006,2027-12-29,83.0,163.0,,Av. PROLONGACION GAMARRA No. 685 - 687,LA VICTORIA,LIMA,LIMA,Av. PROLONGACION GAMARRA No. 685 - 687,"AVENIDA. PROLONGACION GAMARRA NO. 685, 687","[""AVENIDA. PROLONGACION GAMARRA NO. 685, 687"", ""AVENIDA. PROLONGACION GAMARRA NO. 685, 687, LA VICTORIA""]",,
20608092324,MYAGUI GAMING SAC,BLOCK 9,,005368,142443012,2028-12-12,43.0,88.0,,Av. ISABEL LA CATÓLICA No. 1612 - 1614,LA VICTORIA,LIMA,LIMA,Av. ISABEL LA CATÓLICA No. 1612 - 1614,"AVENIDA. ISABEL LA CATÓLICA NO. 1612, 1614","[""AVENIDA. ISABEL LA CATÓLICA NO. 1612, 1614"", ""AVENIDA. ISABEL LA CATÓLICA NO. 1612, 1614, LA VICTORIA""]",,
20608092324,MYAGUI GAMING SAC,BREÑA,,003329,142443007,2027-11-03,26.0,48.0,,Jr. HUARAZ No. 1584,BREÑA,LIMA,LIMA,Jr. HUARAZ No. 1584,JIRON. HUARAZ NO. 1584,"[""JIRON. HUARAZ NO. 1584"", ""JIRON. HUARAZ NO. 1584, BREÑA""]",-12.0593487,-77.0444759
20608092324,MYAGUI GAMING SAC,CHORRILLOS,,001629-2024,142443009,2029-04-06,40.0,75.0,,Av. GUARDIA CIVIL No. 266 - 268,CHORRILLOS,LIMA,LIMA,Av. GUARDIA CIVIL No. 266 - 268,"AVENIDA. GUARDIA CIVIL NO. 266, 268","[""AVENIDA. GUARDIA CIVIL NO. 266, 268"", ""AVENIDA. GUARDIA CIVIL NO. 266, 268, CHORRILLOS""]",-12.1729898,-76.9919545
20608092324,MYAGUI GAMING SAC,HABICH II,,3464,142443013,2028-08-15,63.0,150.0,,Av. EDUARDO DE HABICH No. 565 - 569,SAN MARTÍN DE PORRES,LIMA,LIMA,Av. EDUARDO DE HABICH No. 565 - 569,"AVENIDA. EDUARDO DE HABICH NO. 565, 569","[""AVENIDA. EDUARDO DE HABICH NO. 565, 569"", ""AVENIDA. EDUARDO DE HABICH NO. 565, 569, SAN MARTÍN DE PORRES""]",-12.0281705,-77.0573447
20608092324,MYAGUI GAMING SAC,JIRON III,,003139,142443010,2028-07-20,95.0,171.0,,Jr. DE LA UNION No. 543,LIMA,LIMA,LIMA,Jr. DE LA UNION No. 543,JIRON. DE LA UNION NO. 543,"[""JIRON. DE LA UNION NO. 543"", ""JIRON. DE LA UNION NO. 543, LIMA""]",-12.0484888,-77.0330755
20608092324,MYAGUI GAMING SAC,LINCE I,,000007,142443003,2028-01-04,137.0,279.0,,Av. ARENALES No. 2037,LINCE,LIMA,LIMA,Av. ARENALES No. 2037,AVENIDA. ARENALES NO. 2037,"[""AVENIDA. ARENALES NO. 2037"", ""AVENIDA. ARENALES NO. 2037, LINCE""]",-12.0889427,-77.0349752
20608092324,MYAGUI GAMING SAC,RIMAC II,,002827,142443011,2028-07-06,145.0,286.0,,Jr. TRUJILLO No. 239,RÍMAC,LIMA,LIMA,Jr. TRUJILLO No. 239,JIRON. TRUJILLO NO. 239,"[""JIRON. TRUJILLO NO. 239"", ""JIRON. TRUJILLO NO. 239, RÍMAC""]",-12.0387913,-77.0290506
20608092324,MYAGUI GAMING SAC,TACNA II,,003846,142443001,2027-12-05,77.0,186.0,,Av. TACNA No. 699,LIMA,LIMA,LIMA,Av. TACNA No. 699,AVENIDA. TACNA NO. 699,"[""AVENIDA. TACNA NO. 699"", ""AVENIDA. TACNA NO. 699, LIMA""]",-12.0434973,-77.0355922
20510630239,NEGOCIACIONES Y REPRESENTACIONES AMILUZ S.A.C.,DOLPHINS,,005045,120527003,2027-11-23,63.0,173.0,,Otro SECTOR 2 MZ. N GRUPO 9 Lt. 1,VILLA EL SALVADOR,LIMA,LIMA,Otro SECTOR 2 MZ. N GRUPO 9 Lt. 1,SECTOR 2 MZ. N GRUPO 9 LT. 1,"[""SECTOR 2 MZ. N GRUPO 9 LT. 1"", ""SECTOR 2 MZ. N GRUPO 9 LT. 1, VILLA EL SALVADOR""]",,
20305373193,NEGOCIOS SEVILLA S.A.C.,SALON SEVILLA,,004081-2023,120127001,2027-09-19,81.0,210.0,,Av. EDUARDO HABICH No. 496 - 498,SAN MARTÍN DE PORRES,LIMA,LIMA,Av. EDUARDO HABICH No. 496 - 498,"AVENIDA. EDUARDO HABICH NO. 496, 498","[""AVENIDA. EDUARDO HABICH NO. 496, 498"", ""AVENIDA. EDUARDO HABICH NO. 496, 498, SAN MARTÍN DE PORRES""]",,
20530811001,NEVADA ENTRETENIMIENTOS S.A.C.,BARRANCO 1,,75,120511074,2027-01-13,77.0,247.0,,Av. GRAU No. 421 - 423,BARRANCO,LIMA,LIMA,Av. GRAU No. 421 - 423,"AVENIDA. GRAU NO. 421, 423","[""AVENIDA. GRAU NO. 421, 423"", ""AVENIDA. GRAU NO. 421, 423, BARRANCO""]",-12.1374646,-77.0226054
20530811001,NEVADA ENTRETENIMIENTOS S.A.C.,LOS OLIVOS 3,,1449,120511053,2026-07-07,112.0,253.0,,Av. ANTUNEZ DE MAYOLO No. 1220,LOS OLIVOS,LIMA,LIMA,Av. ANTUNEZ DE MAYOLO No. 1220,AVENIDA. ANTUNEZ DE MAYOLO NO. 1220,"[""AVENIDA. ANTUNEZ DE MAYOLO NO. 1220"", ""AVENIDA. ANTUNEZ DE MAYOLO NO. 1220, LOS OLIVOS""]",-11.9954662,-77.0794444
20530811001,NEVADA ENTRETENIMIENTOS S.A.C.,LURIN,,1639,120511048,,100.0,210.0,,Jr. BOLOGNESI No. 149,LURIN,LIMA,LIMA,Jr. BOLOGNESI No. 149,JIRON. BOLOGNESI NO. 149,"[""JIRON. BOLOGNESI NO. 149"", ""JIRON. BOLOGNESI NO. 149, LURIN""]",-12.274608,-76.8695458
20530811001,NEVADA ENTRETENIMIENTOS S.A.C.,MANCO CAPAC,,3706 - 2025,120511003,2029-06-03,64.0,145.0,,MANCO CAPAC No. 1000 - 1010,LA VICTORIA,LIMA,LIMA,MANCO CAPAC No. 1000 - 1010,"MANCO CAPAC NO. 1000, 1010","[""MANCO CAPAC NO. 1000, 1010"", ""MANCO CAPAC NO. 1000, 1010, LA VICTORIA""]",,
20530811001,NEVADA ENTRETENIMIENTOS S.A.C.,SALA CHORRILLOS,,4431 - 2026,120511057,2030-06-23,92.0,148.0,,Av. DEFENSORES DEL MORRO No. 914,CHORRILLOS,LIMA,LIMA,Av. DEFENSORES DEL MORRO No. 914,AVENIDA. DEFENSORES DEL MORRO NO. 914,"[""AVENIDA. DEFENSORES DEL MORRO NO. 914"", ""AVENIDA. DEFENSORES DEL MORRO NO. 914, CHORRILLOS""]",-12.1697256,-77.0235803
20530811001,NEVADA ENTRETENIMIENTOS S.A.C.,SALA CHOSICA 2,,3821 - 2026,120511009,2030-05-28,176.0,290.0,,Jr. AREQUIPA No. 348,LURIGANCHO,LIMA,LIMA,Jr. AREQUIPA No. 348,JIRON. AREQUIPA NO. 348,"[""JIRON. AREQUIPA NO. 348"", ""JIRON. AREQUIPA NO. 348, LURIGANCHO""]",-11.9340136,-76.6942377
20530811001,NEVADA ENTRETENIMIENTOS S.A.C.,SALA COMAS 5,,1640,120511069,,37.0,100.0,,Av. MEXICO No. 478,COMAS,LIMA,LIMA,Av. MEXICO No. 478,AVENIDA. MEXICO NO. 478,"[""AVENIDA. MEXICO NO. 478"", ""AVENIDA. MEXICO NO. 478, COMAS""]",-11.9552256,-77.0621917
20530811001,NEVADA ENTRETENIMIENTOS S.A.C.,SALA DOS DE MAYO,,1472 - 2026,120511075,2030-03-06,76.0,127.0,,Av. ALFONSO UGARTE No. 436,LIMA,LIMA,LIMA,Av. ALFONSO UGARTE No. 436,AVENIDA. ALFONSO UGARTE NO. 436,"[""AVENIDA. ALFONSO UGARTE NO. 436"", ""AVENIDA. ALFONSO UGARTE NO. 436, LIMA""]",-11.9173652,-77.0409114
20530811001,NEVADA ENTRETENIMIENTOS S.A.C.,SALA ELIO,,103,120511092,,72.0,189.0,,Av. REYNALDO SAAVEDRA PIÑON No. 2615 - 2617,LIMA,LIMA,LIMA,Av. REYNALDO SAAVEDRA PIÑON No. 2615 - 2617,"AVENIDA. REYNALDO SAAVEDRA PIÑON NO. 2615, 2617","[""AVENIDA. REYNALDO SAAVEDRA PIÑON NO. 2615, 2617"", ""AVENIDA. REYNALDO SAAVEDRA PIÑON NO. 2615, 2617, LIMA""]",,
20530811001,NEVADA ENTRETENIMIENTOS S.A.C.,SALA LOS OLIVOS 2,,2423,120511049,2026-08-19,46.0,71.0,,Av. CARLOS IZAGUIRRE No. 486,LOS OLIVOS,LIMA,LIMA,Av. CARLOS IZAGUIRRE No. 486,AVENIDA. CARLOS IZAGUIRRE NO. 486,"[""AVENIDA. CARLOS IZAGUIRRE NO. 486"", ""AVENIDA. CARLOS IZAGUIRRE NO. 486, LOS OLIVOS""]",,
20530811001,NEVADA ENTRETENIMIENTOS S.A.C.,SALA SAN GERMAN,,767 - 2026,120511061,2030-02-10,181.0,384.0,,Av. UNIVERSITARIA NORTE (ANTES AV. UNIVERSITARIA 705) No. 1105 - 1113,SAN MARTÍN DE PORRES,LIMA,LIMA,Av. UNIVERSITARIA NORTE (ANTES AV. UNIVERSITARIA 705) No. 1105 - 1113,"AVENIDA. UNIVERSITARIA NORTE (ANTES AVENIDA. UNIVERSITARIA 705) NO. 1105, 1113","[""AVENIDA. UNIVERSITARIA NORTE (ANTES AVENIDA. UNIVERSITARIA 705) NO. 1105, 1113"", ""AVENIDA. UNIVERSITARIA NORTE (ANTES AVENIDA. UNIVERSITARIA 705) NO. 1105, 1113, SAN MARTÍN DE PORRES""]",,
20530811001,NEVADA ENTRETENIMIENTOS S.A.C.,SALA SAN JUAN 6,,3860 - 2026,120511072,2030-05-29,60.0,85.0,,"Av. VARGAS MACHUCA, ZONA B No. 336",SAN JUAN DE MIRAFLORES,LIMA,LIMA,"Av. VARGAS MACHUCA, ZONA B No. 336","AVENIDA. VARGAS MACHUCA, ZONA B NO. 336","[""AVENIDA. VARGAS MACHUCA, ZONA B NO. 336"", ""AVENIDA. VARGAS MACHUCA, ZONA B NO. 336, SAN JUAN DE MIRAFLORES""]",,
20530811001,NEVADA ENTRETENIMIENTOS S.A.C.,SALA SAN MARTIN 4,,1397,120511084,,72.0,169.0,,Av. PERU No. 1758,SAN MARTÍN DE PORRES,LIMA,LIMA,Av. PERU No. 1758,AVENIDA. PERU NO. 1758,"[""AVENIDA. PERU NO. 1758"", ""AVENIDA. PERU NO. 1758, SAN MARTÍN DE PORRES""]",-11.9842453,-77.0914848
20530811001,NEVADA ENTRETENIMIENTOS S.A.C.,SAN JUAN 4,,2027,120511073,2026-07-18,112.0,168.0,,Av. LOS HEROES No. 1180 - 1180 A,SAN JUAN DE MIRAFLORES,LIMA,LIMA,Av. LOS HEROES No. 1180 - 1180 A,"AVENIDA. LOS HEROES NO. 1180, 1180 A","[""AVENIDA. LOS HEROES NO. 1180, 1180 A"", ""AVENIDA. LOS HEROES NO. 1180, 1180 A, SAN JUAN DE MIRAFLORES""]",,
20530811001,NEVADA ENTRETENIMIENTOS S.A.C.,SAN MARTIN 3,,3670,120511076,2027-08-28,219.0,411.0,,Av. PERU No. 3621 - 3623 - 3625 - 3629,SAN MARTÍN DE PORRES,LIMA,LIMA,Av. PERU No. 3621 - 3623 - 3625 - 3629,"AVENIDA. PERU NO. 3621, 3623, 3625, 3629","[""AVENIDA. PERU NO. 3621, 3623, 3625, 3629"", ""AVENIDA. PERU NO. 3621, 3623, 3625, 3629, SAN MARTÍN DE PORRES""]",,
20530811001,NEVADA ENTRETENIMIENTOS S.A.C.,SAN MARTIN 5,,3707,120511089,2027-08-28,38.0,97.0,,Av. PERU No. 3634,SAN MARTÍN DE PORRES,LIMA,LIMA,Av. PERU No. 3634,AVENIDA. PERU NO. 3634,"[""AVENIDA. PERU NO. 3634"", ""AVENIDA. PERU NO. 3634, SAN MARTÍN DE PORRES""]",-11.9829327,-77.0971961
20530811001,NEVADA ENTRETENIMIENTOS S.A.C.,SANTA ANITA,,2108,120511002,2026-07-27,191.0,303.0,,Av. LAS ALONDRAS No. 303 - 305,SANTA ANITA,LIMA,LIMA,Av. LAS ALONDRAS No. 303 - 305,"AVENIDA. LAS ALONDRAS NO. 303, 305","[""AVENIDA. LAS ALONDRAS NO. 303, 305"", ""AVENIDA. LAS ALONDRAS NO. 303, 305, SANTA ANITA""]",,
20530811001,NEVADA ENTRETENIMIENTOS S.A.C.,ZARATE 3,,002074 - 2017,120511004,2026-07-11,97.0,286.0,,Av. GRAN CHIMU No. 798,SAN JUAN DE LURIGANCHO,LIMA,LIMA,Av. GRAN CHIMU No. 798,AVENIDA. GRAN CHIMU NO. 798,"[""AVENIDA. GRAN CHIMU NO. 798"", ""AVENIDA. GRAN CHIMU NO. 798, SAN JUAN DE LURIGANCHO""]",-12.0243199,-76.9833376
20513020792,NEWPORT CAPITAL S.A.C.,COPACABANA,,6216 - 2025,120868003,2029-09-03,190.0,409.0,,Av. AV. BRASIL No. 1601 - 1609 y Av. HUSARES DE JUNIN No. 102 - 108 - 136 - 138D,JESÚS MARÍA,LIMA,LIMA,Av. AV. BRASIL No. 1601 - 1609 y Av. HUSARES DE JUNIN No. 102 - 108 - 136 - 138D,"AVENIDA. AVENIDA. BRASIL NO. 1601, 1609 Y AVENIDA. HUSARES DE JUNIN NO. 102, 108, 136, 138D","[""AVENIDA. AVENIDA. BRASIL NO. 1601, 1609 Y AVENIDA. HUSARES DE JUNIN NO. 102, 108, 136, 138D"", ""AVENIDA. AVENIDA. BRASIL NO. 1601, 1609 Y AVENIDA. HUSARES DE JUNIN NO. 102, 108, 136, 138D, JESÚS MARÍA""]",,
20513020792,NEWPORT CAPITAL S.A.C.,HELLO HOLLYWOOD,REST. 5TT,1157 - 2024,110868010,2028-03-07,454.0,1216.0,,LA MARINA No. 2159,SAN MIGUEL,LIMA,LIMA,LA MARINA No. 2159,LA MARINA NO. 2159,"[""LA MARINA NO. 2159"", ""LA MARINA NO. 2159, SAN MIGUEL""]",-12.077449,-77.093525
20513020792,NEWPORT CAPITAL S.A.C.,MAGIC CITY,,6149 - 2025,120868002,2029-09-01,191.0,376.0,,Av. LA MARINA No. 2027 - 2031,SAN MIGUEL,LIMA,LIMA,Av. LA MARINA No. 2027 - 2031,"AVENIDA. LA MARINA NO. 2027, 2031","[""AVENIDA. LA MARINA NO. 2027, 2031"", ""AVENIDA. LA MARINA NO. 2027, 2031, SAN MIGUEL""]",-12.0729123,-77.1031775
20513020792,NEWPORT CAPITAL S.A.C.,SILVER MOON,,5034 - 2025,120868005,2029-07-16,267.0,573.0,,Av. LA MARINA No. 2400,SAN MIGUEL,LIMA,LIMA,Av. LA MARINA No. 2400,AVENIDA. LA MARINA NO. 2400,"[""AVENIDA. LA MARINA NO. 2400"", ""AVENIDA. LA MARINA NO. 2400, SAN MIGUEL""]",-12.0714721,-77.1074006
20513020792,NEWPORT CAPITAL S.A.C.,TROPICANA,,3365 - 2026,120868004,2030-05-13,299.0,587.0,,Av. LOS HEROES No. 505 - 507 y Av. LOS HEROES No. 501 y Av. SAN JUAN No. 1204 - 1206,SAN JUAN DE MIRAFLORES,LIMA,LIMA,Av. LOS HEROES No. 505 - 507 y Av. LOS HEROES No. 501 y Av. SAN JUAN No. 1204 - 1206,"AVENIDA. LOS HEROES NO. 505, 507 Y AVENIDA. LOS HEROES NO. 501 Y AVENIDA. SAN JUAN NO. 1204, 1206","[""AVENIDA. LOS HEROES NO. 505, 507 Y AVENIDA. LOS HEROES NO. 501 Y AVENIDA. SAN JUAN NO. 1204, 1206"", ""AVENIDA. LOS HEROES NO. 505, 507 Y AVENIDA. LOS HEROES NO. 501 Y AVENIDA. SAN JUAN NO. 1204, 1206, SAN JUAN DE MIRAFLORES""]",,
20605613005,NIGHT ENTERTAIMENT S.A.C.,GOLDEN NIGHT,REST. 5TT,6144 - 2024,112630001,2029-10-14,44.0,83.0,,"Otro Asentamiento Humano Villa María del Triunf Mz. G1, Sub Lote 15-a, Sector Villa María del Triunfo .",VILLA MARÍA DEL TRIUNFO,LIMA,LIMA,"Otro Asentamiento Humano Villa María del Triunf Mz. G1, Sub Lote 15-a, Sector Villa María del Triunfo .","ASENTAMIENTO HUMANO VILLA MARÍA DEL TRIUNF MZ. G1, SUB LOTE 15, A, SECTOR VILLA MARÍA DEL TRIUNFO .","[""ASENTAMIENTO HUMANO VILLA MARÍA DEL TRIUNF MZ. G1, SUB LOTE 15, A, SECTOR VILLA MARÍA DEL TRIUNFO .""]",,
20512946292,NOVELLUS S.A.C.,GOLDEN BAY,,437,120812004,2027-09-08,68.0,334.0,,Jr. LEONCIO PRADO No. 845,MAGDALENA DEL MAR,LIMA,LIMA,Jr. LEONCIO PRADO No. 845,JIRON. LEONCIO PRADO NO. 845,"[""JIRON. LEONCIO PRADO NO. 845"", ""JIRON. LEONCIO PRADO NO. 845, MAGDALENA DEL MAR""]",-12.0891835,-77.071902
20563012839,OKANEKIN S.A.C.,MYTHIC-LOS OLIVOS,,005607,141813001,2027-12-22,219.0,491.0,,Av. SANTIAGO ANTUNEZ DE MAYOLO No. 1099,LOS OLIVOS,LIMA,LIMA,Av. SANTIAGO ANTUNEZ DE MAYOLO No. 1099,AVENIDA. SANTIAGO ANTUNEZ DE MAYOLO NO. 1099,"[""AVENIDA. SANTIAGO ANTUNEZ DE MAYOLO NO. 1099"", ""AVENIDA. SANTIAGO ANTUNEZ DE MAYOLO NO. 1099, LOS OLIVOS""]",-11.9954662,-77.0794444
20601179271,OPEN GAMING S.A.C.,BLACK JACK,,000037-2024,142176001,2028-01-05,128.0,359.0,,Av. JUAN LECAROS No. 275 - 279,PUENTE PIEDRA,LIMA,LIMA,Av. JUAN LECAROS No. 275 - 279,"AVENIDA. JUAN LECAROS NO. 275, 279","[""AVENIDA. JUAN LECAROS NO. 275, 279"", ""AVENIDA. JUAN LECAROS NO. 275, 279, PUENTE PIEDRA""]",,
20190016103,PALACIO REAL S.A.,SLOT PALACE,REST. 5TT,2138,110077001,2026-07-26,198.0,343.0,,Av. DE LAS ARTES No. 392 - 398,SAN BORJA,LIMA,LIMA,Av. DE LAS ARTES No. 392 - 398,"AVENIDA. DE LAS ARTES NO. 392, 398","[""AVENIDA. DE LAS ARTES NO. 392, 398"", ""AVENIDA. DE LAS ARTES NO. 392, 398, SAN BORJA""]",,
20493085663,PLANET GAME S.A.C.,REYNA,,003266,141150002,2027-10-25,85.0,244.0,,Av. PERU No. 1649,SAN MARTÍN DE PORRES,LIMA,LIMA,Av. PERU No. 1649,AVENIDA. PERU NO. 1649,"[""AVENIDA. PERU NO. 1649"", ""AVENIDA. PERU NO. 1649, SAN MARTÍN DE PORRES""]",-11.9829327,-77.0971961
20493085663,PLANET GAME S.A.C.,WINGS,,004414,141150004,2028-10-06,56.0,204.0,,Av. ELMER FAUCETT No. 461,SAN MIGUEL,LIMA,LIMA,Av. ELMER FAUCETT No. 461,AVENIDA. ELMER FAUCETT NO. 461,"[""AVENIDA. ELMER FAUCETT NO. 461"", ""AVENIDA. ELMER FAUCETT NO. 461, SAN MIGUEL""]",-12.0658991,-77.097248
20300619186,PRAGOABANT INVERSIONES S.C.R.L.,REAL TRAGAMONEDAS 777 - RIMAC,,001940,120081004,,120.0,455.0,,Av. FELIPE ARANCIBIA No. 767 - 769,RÍMAC,LIMA,LIMA,Av. FELIPE ARANCIBIA No. 767 - 769,"AVENIDA. FELIPE ARANCIBIA NO. 767, 769","[""AVENIDA. FELIPE ARANCIBIA NO. 767, 769"", ""AVENIDA. FELIPE ARANCIBIA NO. 767, 769, RÍMAC""]",,
20550929318,QULLQI S.A.C.,CARRUSEL,,000199,141671009,2026-08-17,105.0,237.0,,Av. ALFONSO UGARTE No. 1220 - 1222 - 1224 - 1226,BREÑA,LIMA,LIMA,Av. ALFONSO UGARTE No. 1220 - 1222 - 1224 - 1226,"AVENIDA. ALFONSO UGARTE NO. 1220, 1222, 1224, 1226","[""AVENIDA. ALFONSO UGARTE NO. 1220, 1222, 1224, 1226"", ""AVENIDA. ALFONSO UGARTE NO. 1220, 1222, 1224, 1226, BREÑA""]",,
20515469380,RECREATIVOS EL GALEON S.A.C.,PACHANGA,REST. 5TT,3288 - 2025,110805002,2029-05-13,141.0,327.0,,Av. AVIACION No. 2424 - 2428,SAN BORJA,LIMA,LIMA,Av. AVIACION No. 2424 - 2428,"AVENIDA. AVIACION NO. 2424, 2428","[""AVENIDA. AVIACION NO. 2424, 2428"", ""AVENIDA. AVIACION NO. 2424, 2428, SAN BORJA""]",,
20513315164,RECREATIVOS OLIMPIA S.A.C.,ATLANTIS I I,REST. 5TT,002501,110821003,2027-06-15,42.0,113.0,,SANTA CATALINA No. 091 - 095,LA VICTORIA,LIMA,LIMA,SANTA CATALINA No. 091 - 095,"SANTA CATALINA NO. 091, 095","[""SANTA CATALINA NO. 091, 095"", ""SANTA CATALINA NO. 091, 095, LA VICTORIA""]",,
20513307811,RECREATIVOS POLA S.A.C.,CERES SLOT,,2326 - 2025,130874002,2029-05-15,80.0,149.0,,Av. NICOLAS AYLLON MZ. D LOTE 11 Mz. D,ATE,LIMA,LIMA,Av. NICOLAS AYLLON MZ. D LOTE 11 Mz. D,AVENIDA. NICOLAS AYLLON MZ. D LOTE 11 MZ. D,"[""AVENIDA. NICOLAS AYLLON MZ. D LOTE 11 MZ. D"", ""AVENIDA. NICOLAS AYLLON MZ. D LOTE 11 MZ. D, ATE""]",,
20513307811,RECREATIVOS POLA S.A.C.,EL REY 777,,002498-2023,140874003,2027-09-06,102.0,266.0,,Av. 1 DE MAYO No. 3129,EL AGUSTINO,LIMA,LIMA,Av. 1 DE MAYO No. 3129,AVENIDA. 1 DE MAYO NO. 3129,"[""AVENIDA. 1 DE MAYO NO. 3129"", ""AVENIDA. 1 DE MAYO NO. 3129, EL AGUSTINO""]",-12.0297988,-76.9986323
20513307811,RECREATIVOS POLA S.A.C.,SUPER GAMES,,002262-2023,120874001,2027-06-27,106.0,259.0,,Jr. CESAR VALLEJO No. 368 - 372,SANTA ANITA,LIMA,LIMA,Jr. CESAR VALLEJO No. 368 - 372,"JIRON. CESAR VALLEJO NO. 368, 372","[""JIRON. CESAR VALLEJO NO. 368, 372"", ""JIRON. CESAR VALLEJO NO. 368, 372, SANTA ANITA""]",,
20601751896,RECREATIVOS SAN NICOLAS S.A.C.,SALON BLANCO,REST. 5TT,5422,122113001,2027-12-14,72.0,266.0,,Malecón SAN MARTIN No. 178,PUCUSANA,LIMA,LIMA,Malecón SAN MARTIN No. 178,MALECÓN SAN MARTIN NO. 178,"[""MALECÓN SAN MARTIN NO. 178"", ""MALECÓN SAN MARTIN NO. 178, PUCUSANA""]",-12.4807548,-76.7979894
20521547589,RECREATIVOS VENECIA,JACKPOT CITY,,2807,141217002,2027-02-03,108.0,352.0,,Av. LOS RUISEÑORES No. 294,SANTA ANITA,LIMA,LIMA,Av. LOS RUISEÑORES No. 294,AVENIDA. LOS RUISEÑORES NO. 294,"[""AVENIDA. LOS RUISEÑORES NO. 294"", ""AVENIDA. LOS RUISEÑORES NO. 294, SANTA ANITA""]",-12.0505761,-76.9666054
20521547589,RECREATIVOS VENECIA,LOTTO,,3859 - 2026,141217001,2030-05-29,58.0,123.0,,"Otro ASOCIACIÓN EL PORVENIR, LT. 3 Mz. D",ATE,LIMA,LIMA,"Otro ASOCIACIÓN EL PORVENIR, LT. 3 Mz. D","ASOCIACIÓN EL PORVENIR, LT. 3 MZ. D","[""ASOCIACIÓN EL PORVENIR, LT. 3 MZ. D"", ""ASOCIACIÓN EL PORVENIR, LT. 3 MZ. D, ATE""]",,
20603434880,REVOLUTION GAMING S.A.C.,FLAMENCO DE ORO,,002641,142255005,2028-06-26,84.0,219.0,,LOS FLAMENCOS No. 142,SANTA ANITA,LIMA,LIMA,LOS FLAMENCOS No. 142,LOS FLAMENCOS NO. 142,"[""LOS FLAMENCOS NO. 142"", ""LOS FLAMENCOS NO. 142, SANTA ANITA""]",-12.0485413,-76.9658758
20603434880,REVOLUTION GAMING S.A.C.,HARUMI IV,,4912 - 2025,142255003,2029-07-11,62.0,175.0,,Av. JOSE GRANDA No. 3196 - 3198,SAN MARTÍN DE PORRES,LIMA,LIMA,Av. JOSE GRANDA No. 3196 - 3198,"AVENIDA. JOSE GRANDA NO. 3196, 3198","[""AVENIDA. JOSE GRANDA NO. 3196, 3198"", ""AVENIDA. JOSE GRANDA NO. 3196, 3198, SAN MARTÍN DE PORRES""]",,
20505141297,RIO GAMING S.A.C.,PARISIAN,,002128,120241001,2027-05-25,184.0,673.0,,Av. RICARDO PALMA No. 250 - 250,MIRAFLORES,LIMA,LIMA,Av. RICARDO PALMA No. 250 - 250,"AVENIDA. RICARDO PALMA NO. 250, 250","[""AVENIDA. RICARDO PALMA NO. 250, 250"", ""AVENIDA. RICARDO PALMA NO. 250, 250, MIRAFLORES""]",-12.1191647,-77.0284449
20415874155,ROYAL GARDEN S.A.C.,BLACK JACK,,002799,120128003,2027-07-05,46.0,104.0,,Av. NICOLAS ARRIOLA No. 2387,LA VICTORIA,LIMA,LIMA,Av. NICOLAS ARRIOLA No. 2387,AVENIDA. NICOLAS ARRIOLA NO. 2387,"[""AVENIDA. NICOLAS ARRIOLA NO. 2387"", ""AVENIDA. NICOLAS ARRIOLA NO. 2387, LA VICTORIA""]",-12.0898355,-77.0221645
20486254441,SALTADITAS DE LA SUERTE S.A.C.,SUN CITY,,003011,120625003,2027-06-14,78.0,213.0,,Av. ANGAMOS ESTE No. 830 - 840,SURQUILLO,LIMA,LIMA,Av. ANGAMOS ESTE No. 830 - 840,"AVENIDA. ANGAMOS ESTE NO. 830, 840","[""AVENIDA. ANGAMOS ESTE NO. 830, 840"", ""AVENIDA. ANGAMOS ESTE NO. 830, 840, SURQUILLO""]",-12.1118501,-76.9997622
20486254441,SALTADITAS DE LA SUERTE S.A.C.,SUN CITY - ELIO,,003733,120625002,2026-11-25,69.0,203.0,,Av. REYNALDO SAAVEDRA PINON No. 2683,LIMA,LIMA,LIMA,Av. REYNALDO SAAVEDRA PINON No. 2683,AVENIDA. REYNALDO SAAVEDRA PINON NO. 2683,"[""AVENIDA. REYNALDO SAAVEDRA PINON NO. 2683"", ""AVENIDA. REYNALDO SAAVEDRA PINON NO. 2683, LIMA""]",-12.0542872,-77.0667126
20107172646,SERVICIOS DIVERSOS EL ALTIPLANO S.R.L.,CIUDAD Y CAMPO,,004464,120253001,2027-10-13,17.0,63.0,,Av. RESTAURACION No. 215,RÍMAC,LIMA,LIMA,Av. RESTAURACION No. 215,AVENIDA. RESTAURACION NO. 215,"[""AVENIDA. RESTAURACION NO. 215"", ""AVENIDA. RESTAURACION NO. 215, RÍMAC""]",-12.023801,-77.0302763
20107172646,SERVICIOS DIVERSOS EL ALTIPLANO S.R.L.,LA FLORIDA,,000886 - 2015,120253002,2027-03-22,47.0,161.0,,Av. FELIPE ARANCIBIA No. 735 - 739,RÍMAC,LIMA,LIMA,Av. FELIPE ARANCIBIA No. 735 - 739,"AVENIDA. FELIPE ARANCIBIA NO. 735, 739","[""AVENIDA. FELIPE ARANCIBIA NO. 735, 739"", ""AVENIDA. FELIPE ARANCIBIA NO. 735, 739, RÍMAC""]",,
20510153040,SILVERBELL S.A.C.,LA SUERTE,,001281,120415002,2027-03-15,200.0,904.0,,Jr. UCAYALI No. 718 - 720,LIMA,LIMA,LIMA,Jr. UCAYALI No. 718 - 720,"JIRON. UCAYALI NO. 718, 720","[""JIRON. UCAYALI NO. 718, 720"", ""JIRON. UCAYALI NO. 718, 720, LIMA""]",,
20600946031,SIR PLAY S.A.C.,SLOT LOS DELFINES,HOTEL *****,002987-2023,132034001,2027-07-12,210.0,2064.0,,Calle LOS EUCALIPTOS No. 555,SAN ISIDRO,LIMA,LIMA,Calle LOS EUCALIPTOS No. 555,CALLE LOS EUCALIPTOS NO. 555,"[""CALLE LOS EUCALIPTOS NO. 555"", ""CALLE LOS EUCALIPTOS NO. 555, SAN ISIDRO""]",-11.8572887,-77.0525372
20543578429,SLOT MACHINES R & P S.A.C.,LAS VEGAS,,2707,141430002,2028-06-28,67.0,284.0,,Av. LAS PALMERAS No. 244 y Av. NICOLAS AYLLON No. 689,CHACLACAYO,LIMA,LIMA,Av. LAS PALMERAS No. 244 y Av. NICOLAS AYLLON No. 689,AVENIDA. LAS PALMERAS NO. 244 Y AVENIDA. NICOLAS AYLLON NO. 689,"[""AVENIDA. LAS PALMERAS NO. 244 Y AVENIDA. NICOLAS AYLLON NO. 689"", ""AVENIDA. LAS PALMERAS NO. 244 Y AVENIDA. NICOLAS AYLLON NO. 689, CHACLACAYO""]",,
20606848871,SLOTS WORLD S.A.C.,FLOWERS,REST. 5TT,6169 - 2025,132642001,2030-09-03,49.0,122.0,,Av. CANTO GRANDE No. 2366 - 2368,SAN JUAN DE LURIGANCHO,LIMA,LIMA,Av. CANTO GRANDE No. 2366 - 2368,"AVENIDA. CANTO GRANDE NO. 2366, 2368","[""AVENIDA. CANTO GRANDE NO. 2366, 2368"", ""AVENIDA. CANTO GRANDE NO. 2366, 2368, SAN JUAN DE LURIGANCHO""]",,
20602227414,SMART GAMING TECHNOLOGY S.A.C.,34 SLOT,REST. 5TT,8540 - 2025,132152002,2029-11-10,40.0,153.0,,Av. PERU No. 3411 - 3413,SAN MARTÍN DE PORRES,LIMA,LIMA,Av. PERU No. 3411 - 3413,"AVENIDA. PERU NO. 3411, 3413","[""AVENIDA. PERU NO. 3411, 3413"", ""AVENIDA. PERU NO. 3411, 3413, SAN MARTÍN DE PORRES""]",,
20486229684,SUN INVERSIONES S.A.C.,EL PALACIO,,1261 - 2025,120407006,2029-02-25,115.0,575.0,,Av. NICOLAS DE PIEROLA No. 392,LIMA,LIMA,LIMA,Av. NICOLAS DE PIEROLA No. 392,AVENIDA. NICOLAS DE PIEROLA NO. 392,"[""AVENIDA. NICOLAS DE PIEROLA NO. 392"", ""AVENIDA. NICOLAS DE PIEROLA NO. 392, LIMA""]",,
20486229684,SUN INVERSIONES S.A.C.,HUANDOY,,4175 - 2025,120407007,2029-06-10,228.0,980.0,,Av. NARANJAL MZ A-3 LOTE 28 Y 30 No. 1438 - 1450,LOS OLIVOS,LIMA,LIMA,Av. NARANJAL MZ A-3 LOTE 28 Y 30 No. 1438 - 1450,"AVENIDA. NARANJAL MZ A, 3 LOTE 28 Y 30 NO. 1438, 1450","[""AVENIDA. NARANJAL MZ A, 3 LOTE 28 Y 30 NO. 1438, 1450"", ""AVENIDA. NARANJAL MZ A, 3 LOTE 28 Y 30 NO. 1438, 1450, LOS OLIVOS"", ""AVENIDA. NARANJAL MZ. A, 3 LOTE 28 Y 30 NO. 1438, 1450""]",,
20486229684,SUN INVERSIONES S.A.C.,KANTA CITY,REST. 5TT,587 - 2025,110407011,2030-01-29,108.0,583.0,,Av. CANTA CALLOA Mz. B,SAN MARTÍN DE PORRES,LIMA,LIMA,Av. CANTA CALLOA Mz. B,AVENIDA. CANTA CALLOA MZ. B,"[""AVENIDA. CANTA CALLOA MZ. B"", ""AVENIDA. CANTA CALLOA MZ. B, SAN MARTÍN DE PORRES""]",,
20486229684,SUN INVERSIONES S.A.C.,SAN JUAN I,REST. 5TT,002127-2026,110407012,2030-03-03,401.0,1610.0,,Av. PROCERES DE LA INDEPENDENCIA No. 1649 - 1655,SAN JUAN DE LURIGANCHO,LIMA,LIMA,Av. PROCERES DE LA INDEPENDENCIA No. 1649 - 1655,"AVENIDA. PROCERES DE LA INDEPENDENCIA NO. 1649, 1655","[""AVENIDA. PROCERES DE LA INDEPENDENCIA NO. 1649, 1655"", ""AVENIDA. PROCERES DE LA INDEPENDENCIA NO. 1649, 1655, SAN JUAN DE LURIGANCHO""]",,
20486229684,SUN INVERSIONES S.A.C.,SAN JUAN II,,002127-2026,140407013,2029-08-14,203.0,673.0,,Av. SAN MARTIN MZ. K-1 Lt. 27 - 28,SAN JUAN DE LURIGANCHO,LIMA,LIMA,Av. SAN MARTIN MZ. K-1 Lt. 27 - 28,"AVENIDA. SAN MARTIN MZ. K, 1 LT. 27, 28","[""AVENIDA. SAN MARTIN MZ. K, 1 LT. 27, 28"", ""AVENIDA. SAN MARTIN MZ. K, 1 LT. 27, 28, SAN JUAN DE LURIGANCHO""]",,
20486229684,SUN INVERSIONES S.A.C.,SAN JUAN III,REST. 5TT,002127-2026,110407014,2027-08-09,135.0,421.0,,Av. EL MURO MZ. G8 Lt. 14,SAN JUAN DE LURIGANCHO,LIMA,LIMA,Av. EL MURO MZ. G8 Lt. 14,AVENIDA. EL MURO MZ. G8 LT. 14,"[""AVENIDA. EL MURO MZ. G8 LT. 14"", ""AVENIDA. EL MURO MZ. G8 LT. 14, SAN JUAN DE LURIGANCHO""]",,
20486229684,SUN INVERSIONES S.A.C.,VENEZUELA,,3187 - 2025,120407005,2029-05-07,369.0,1268.0,,Av. ALFONSO UGARTE No. 1212 y Av. VENEZUELA No. 605,BREÑA,LIMA,LIMA,Av. ALFONSO UGARTE No. 1212 y Av. VENEZUELA No. 605,AVENIDA. ALFONSO UGARTE NO. 1212 Y AVENIDA. VENEZUELA NO. 605,"[""AVENIDA. ALFONSO UGARTE NO. 1212 Y AVENIDA. VENEZUELA NO. 605"", ""AVENIDA. ALFONSO UGARTE NO. 1212 Y AVENIDA. VENEZUELA NO. 605, BREÑA""]",,
20334620183,SUN NIPPON COMPANY S.A.C.,FIESTA CASINO LUXOR,REST. 5TT,1649 - 2024,210510051,2028-04-05,,,8.0,Av. PRIMAVERA No. 1500,SANTIAGO DE SURCO,LIMA,LIMA,Av. PRIMAVERA No. 1500,AVENIDA. PRIMAVERA NO. 1500,"[""AVENIDA. PRIMAVERA NO. 1500"", ""AVENIDA. PRIMAVERA NO. 1500, SANTIAGO DE SURCO""]",-12.1040408,-76.9638969
20334620183,SUN NIPPON COMPANY S.A.C.,LUXOR,,2930 - 2026,120510003,2030-04-27,153.0,419.0,,Av. PRIMAVERA No. 1500,SANTIAGO DE SURCO,LIMA,LIMA,Av. PRIMAVERA No. 1500,AVENIDA. PRIMAVERA NO. 1500,"[""AVENIDA. PRIMAVERA NO. 1500"", ""AVENIDA. PRIMAVERA NO. 1500, SANTIAGO DE SURCO""]",-12.1040408,-76.9638969
20518991648,TERRALEVI S.A.C.,STOP,,002072,141133001,2026-10-25,126.0,927.0,,Plaza BOLOGNESI No. 548 - 552,BREÑA,LIMA,LIMA,Plaza BOLOGNESI No. 548 - 552,"PLAZA BOLOGNESI NO. 548, 552","[""PLAZA BOLOGNESI NO. 548, 552"", ""PLAZA BOLOGNESI NO. 548, 552, BREÑA""]",,
20511532516,TEXAS GAMING CORPORATION S.A.C.,PHARAOHS CITY,,001154,120694001,2027-10-23,197.0,674.0,,Calle LAS CAOBAS No. 118,LA MOLINA,LIMA,LIMA,Calle LAS CAOBAS No. 118,CALLE LAS CAOBAS NO. 118,"[""CALLE LAS CAOBAS NO. 118"", ""CALLE LAS CAOBAS NO. 118, LA MOLINA""]",-12.0910415,-76.9496441
20511532516,TEXAS GAMING CORPORATION S.A.C.,RICH & FAMOUS,,001193,120694002,2027-10-13,134.0,344.0,,Jr. LOS FLAMENCOS No. 122,SANTA ANITA,LIMA,LIMA,Jr. LOS FLAMENCOS No. 122,JIRON. LOS FLAMENCOS NO. 122,"[""JIRON. LOS FLAMENCOS NO. 122"", ""JIRON. LOS FLAMENCOS NO. 122, SANTA ANITA""]",-12.0521715,-76.9643333
20302798916,TG & JP S.C.R.L.,OBA OBA,,3122,120098002,2027-07-19,138.0,313.0,,Jr. BOLOGNESI No. 105 - 107 - 109,LURIN,LIMA,LIMA,Jr. BOLOGNESI No. 105 - 107 - 109,"JIRON. BOLOGNESI NO. 105, 107, 109","[""JIRON. BOLOGNESI NO. 105, 107, 109"", ""JIRON. BOLOGNESI NO. 105, 107, 109, LURIN""]",,
20556334103,TG IMPERIUS S.A.C.,TRAGAMONEDAS OBA OBA,REST. 5TT,876,111162001,,149.0,417.0,,Av. LOS HEROES No. 510 - 512,SAN JUAN DE MIRAFLORES,LIMA,LIMA,Av. LOS HEROES No. 510 - 512,"AVENIDA. LOS HEROES NO. 510, 512","[""AVENIDA. LOS HEROES NO. 510, 512"", ""AVENIDA. LOS HEROES NO. 510, 512, SAN JUAN DE MIRAFLORES""]",,
20267973653,TRANSYTOUR S.R.L.,Montreal,REST. 5TT,80 - 2025,111741004,2030-01-06,96.0,186.0,,Av. Gran Chimu No. 419 -423,SAN JUAN DE LURIGANCHO,LIMA,LIMA,Av. Gran Chimu No. 419 -423,"AVENIDA. GRAN CHIMU NO. 419, 423","[""AVENIDA. GRAN CHIMU NO. 419, 423"", ""AVENIDA. GRAN CHIMU NO. 419, 423, SAN JUAN DE LURIGANCHO""]",,
20608654233,VANADIO S.A.C.,FLAMENCO DE ORO II,,000191-2024,142545001,2029-01-17,84.0,120.0,,Av. ISABEL LA CATÓLICA No. 1643 - 1653,LA VICTORIA,LIMA,LIMA,Av. ISABEL LA CATÓLICA No. 1643 - 1653,"AVENIDA. ISABEL LA CATÓLICA NO. 1643, 1653","[""AVENIDA. ISABEL LA CATÓLICA NO. 1643, 1653"", ""AVENIDA. ISABEL LA CATÓLICA NO. 1643, 1653, LA VICTORIA""]",,
20492144305,VISION GAMES CORPORATION S.A.C.,MEGA GAMING,,005047,141151002,2027-11-23,305.0,953.0,,Av. ALFREDO MENDIOLA No. 3503 - 3505 - 3507 y Jr. SALAZAR No. 162,LOS OLIVOS,LIMA,LIMA,Av. ALFREDO MENDIOLA No. 3503 - 3505 - 3507 y Jr. SALAZAR No. 162,"AVENIDA. ALFREDO MENDIOLA NO. 3503, 3505, 3507 Y JIRON. SALAZAR NO. 162","[""AVENIDA. ALFREDO MENDIOLA NO. 3503, 3505, 3507 Y JIRON. SALAZAR NO. 162"", ""AVENIDA. ALFREDO MENDIOLA NO. 3503, 3505, 3507 Y JIRON. SALAZAR NO. 162, LOS OLIVOS""]",,
20492144305,VISION GAMES CORPORATION S.A.C.,PRO,,4021,141151001,2027-09-13,224.0,980.0,,Av. LFREDO MENDIOLA No. 7895 y Av. PROCERES No. 7894,LOS OLIVOS,LIMA,LIMA,Av. LFREDO MENDIOLA No. 7895 y Av. PROCERES No. 7894,AVENIDA. LFREDO MENDIOLA NO. 7895 Y AVENIDA. PROCERES NO. 7894,"[""AVENIDA. LFREDO MENDIOLA NO. 7895 Y AVENIDA. PROCERES NO. 7894"", ""AVENIDA. LFREDO MENDIOLA NO. 7895 Y AVENIDA. PROCERES NO. 7894, LOS OLIVOS""]",,
20557290932,VIVA VENTURES S.A.,MAMBO,,5306,141090001,2027-12-06,90.0,304.0,,Av. GRAN CHIMU No. 658,SAN JUAN DE LURIGANCHO,LIMA,LIMA,Av. GRAN CHIMU No. 658,AVENIDA. GRAN CHIMU NO. 658,"[""AVENIDA. GRAN CHIMU NO. 658"", ""AVENIDA. GRAN CHIMU NO. 658, SAN JUAN DE LURIGANCHO""]",-12.0246332,-76.9971569
20509831026,WAGER SLOTS S.A.C.,CASINO TAHITI I,,3205,120406001,2027-07-27,4.0,8.0,,DEL PINAR No. 183 - 191,SANTIAGO DE SURCO,LIMA,LIMA,DEL PINAR No. 183 - 191,"DEL PINAR NO. 183, 191","[""DEL PINAR NO. 183, 191"", ""DEL PINAR NO. 183, 191, SANTIAGO DE SURCO""]",-12.1120228,-76.9893429
20509831026,WAGER SLOTS S.A.C.,SALA TAHITI,HOTEL *****,1876,110406002,2027-03-17,310.0,782.0,,Av. DEL PINAR No. 165 - 173 y Calle MONTEROSA No. 283 - 287,SANTIAGO DE SURCO,LIMA,LIMA,Av. DEL PINAR No. 165 - 173 y Calle MONTEROSA No. 283 - 287,"AVENIDA. DEL PINAR NO. 165, 173 Y CALLE MONTEROSA NO. 283, 287","[""AVENIDA. DEL PINAR NO. 165, 173 Y CALLE MONTEROSA NO. 283, 287"", ""AVENIDA. DEL PINAR NO. 165, 173 Y CALLE MONTEROSA NO. 283, 287, SANTIAGO DE SURCO""]",,
20513838345,WINNER GAME S.A.C.,QUEEN'S,,003834,120697001,2027-05-09,132.0,811.0,,Jr. LEONCIO PRADO No. 875,MAGDALENA DEL MAR,LIMA,LIMA,Jr. LEONCIO PRADO No. 875,JIRON. LEONCIO PRADO NO. 875,"[""JIRON. LEONCIO PRADO NO. 875"", ""JIRON. LEONCIO PRADO NO. 875, MAGDALENA DEL MAR""]",-12.0891835,-77.071902
20515207776,WORLD GAMES,FIORI 777,,443,120787001,2027-07-19,30.0,64.0,,MIGUEL ANGEL MZ Z Lt. 9,SAN MARTÍN DE PORRES,LIMA,LIMA,MIGUEL ANGEL MZ Z Lt. 9,MIGUEL ANGEL MZ Z LT. 9,"[""MIGUEL ANGEL MZ Z LT. 9"", ""MIGUEL ANGEL MZ Z LT. 9, SAN MARTÍN DE PORRES"", ""MIGUEL ANGEL MZ. Z LT. 9""]",,
20501463591,YAMASIA S.A.C.,GOLDEN NUGGET,REST. 5TT,11 - 2024,110135002,2029-01-03,96.0,685.0,,Psje. EL SAUCE No. 122,LA MOLINA,LIMA,LIMA,Psje. EL SAUCE No. 122,PSJE. EL SAUCE NO. 122,"[""PSJE. EL SAUCE NO. 122"", ""PSJE. EL SAUCE NO. 122, LA MOLINA""]",-12.0835321,-76.9283143
20301947641,YONS BROTHER SRLTDA.,LUCKY CHERRY,,001184 - 2024,140102001,2028-03-11,146.0,424.0,,Jr. UCAYALI No. 741 - 747,LIMA,LIMA,LIMA,Jr. UCAYALI No. 741 - 747,"JIRON. UCAYALI NO. 741, 747","[""JIRON. UCAYALI NO. 741, 747"", ""JIRON. UCAYALI NO. 741, 747, LIMA""]",,
